,Bandit,Reward,Algorithm
0,0,2.404571793722946,Epsilon Greedy
1,0,0.7043439047527682,Epsilon Greedy
2,0,-1.022717011904993,Epsilon Greedy
3,0,0.8680437077407298,Epsilon Greedy
4,0,1.3115917234527594,Epsilon Greedy
5,0,0.9598863179630426,Epsilon Greedy
6,0,-0.6761388454991344,Epsilon Greedy
7,0,2.0393815391881445,Epsilon Greedy
8,0,1.4201848905605536,Epsilon Greedy
9,0,0.7860200686416402,Epsilon Greedy
10,0,2.773600590691196,Epsilon Greedy
11,0,2.557665466634207,Epsilon Greedy
12,0,-0.24969512573865815,Epsilon Greedy
13,0,0.8227876571577064,Epsilon Greedy
14,0,1.214565597740786,Epsilon Greedy
15,0,0.6352413392081921,Epsilon Greedy
16,0,0.11949782692528843,Epsilon Greedy
17,0,1.1980962183505426,Epsilon Greedy
18,0,1.792048886377969,Epsilon Greedy
19,0,0.5775863784785604,Epsilon Greedy
20,0,0.4677939076824865,Epsilon Greedy
21,0,1.080972273701067,Epsilon Greedy
22,0,0.4764261257972605,Epsilon Greedy
23,0,1.4485594365957166,Epsilon Greedy
24,0,2.532399116571119,Epsilon Greedy
25,0,1.657559519562032,Epsilon Greedy
26,0,2.6664890803577643,Epsilon Greedy
27,0,2.1820040121512467,Epsilon Greedy
28,0,-0.7753255129453525,Epsilon Greedy
29,0,2.134411678062495,Epsilon Greedy
30,0,3.2094345757209584,Epsilon Greedy
31,0,1.8042896026094817,Epsilon Greedy
32,0,0.1514898125937284,Epsilon Greedy
33,0,1.7072674176046965,Epsilon Greedy
34,1,2.277082665266179,Epsilon Greedy
35,1,0.5912707256426175,Epsilon Greedy
36,1,2.7868891581987363,Epsilon Greedy
37,1,1.9455827620744164,Epsilon Greedy
38,1,3.1409074443975644,Epsilon Greedy
39,1,2.7917254924579793,Epsilon Greedy
40,1,3.2989523200476305,Epsilon Greedy
41,1,3.262386758549154,Epsilon Greedy
42,1,1.8462135763454883,Epsilon Greedy
43,1,5.0928496737856666,Epsilon Greedy
44,1,-0.052473072984218216,Epsilon Greedy
45,1,1.9224647264488417,Epsilon Greedy
46,1,0.8213899323623317,Epsilon Greedy
47,1,-0.0596210235265584,Epsilon Greedy
48,1,1.8988564449223626,Epsilon Greedy
49,1,2.8178831502339197,Epsilon Greedy
50,1,0.620069391201584,Epsilon Greedy
51,1,0.19163269141313033,Epsilon Greedy
52,1,1.053972260133078,Epsilon Greedy
53,1,1.8991950166971603,Epsilon Greedy
54,1,2.9440936525774166,Epsilon Greedy
55,1,3.067340166789649,Epsilon Greedy
56,1,2.60628798118064,Epsilon Greedy
57,1,1.6947418998221422,Epsilon Greedy
58,1,0.8572432230227314,Epsilon Greedy
59,1,1.9900072025275597,Epsilon Greedy
60,1,2.428842958535015,Epsilon Greedy
61,1,3.4434772486292475,Epsilon Greedy
62,1,0.9624392895598106,Epsilon Greedy
63,1,1.910247102219796,Epsilon Greedy
64,1,0.5570879902779315,Epsilon Greedy
65,1,2.655963126990608,Epsilon Greedy
66,1,-0.896011227182774,Epsilon Greedy
67,1,3.0794785657907617,Epsilon Greedy
68,1,1.6153360465150541,Epsilon Greedy
69,1,0.6430949319155901,Epsilon Greedy
70,1,3.601177555328407,Epsilon Greedy
71,1,2.7783087914150153,Epsilon Greedy
72,1,3.1168116708691773,Epsilon Greedy
73,1,2.354116185318239,Epsilon Greedy
74,1,1.0454687912055052,Epsilon Greedy
75,1,4.298075524953781,Epsilon Greedy
76,1,1.8076638374019813,Epsilon Greedy
77,1,2.647282278988795,Epsilon Greedy
78,1,1.683942900411926,Epsilon Greedy
79,1,2.6228746465444033,Epsilon Greedy
80,1,1.3013313896265457,Epsilon Greedy
81,1,2.6970683981902788,Epsilon Greedy
82,1,3.56290930653213,Epsilon Greedy
83,1,1.338279360263152,Epsilon Greedy
84,1,1.1639697566237555,Epsilon Greedy
85,1,3.2743247565101568,Epsilon Greedy
86,1,0.9162071938887433,Epsilon Greedy
87,1,3.0339757941248697,Epsilon Greedy
88,1,2.0588338722726505,Epsilon Greedy
89,1,0.3615378101722295,Epsilon Greedy
90,1,0.05569900934413807,Epsilon Greedy
91,1,2.042004907800708,Epsilon Greedy
92,1,1.2628004648876998,Epsilon Greedy
93,3,5.95957797287734,Epsilon Greedy
94,3,2.3381588331967342,Epsilon Greedy
95,3,2.912560176219397,Epsilon Greedy
96,3,3.3991632461970553,Epsilon Greedy
97,3,3.670963558191315,Epsilon Greedy
98,3,5.455859771794239,Epsilon Greedy
99,3,1.7605114998752098,Epsilon Greedy
100,3,5.223491701455516,Epsilon Greedy
101,3,4.8999667457202385,Epsilon Greedy
102,3,4.541324825194655,Epsilon Greedy
103,3,5.950606737730935,Epsilon Greedy
104,3,4.680831206129922,Epsilon Greedy
105,3,2.638400508242973,Epsilon Greedy
106,3,3.8454933217795073,Epsilon Greedy
107,3,3.7268118211523342,Epsilon Greedy
108,3,2.054690513882912,Epsilon Greedy
109,3,5.726548018189677,Epsilon Greedy
110,3,1.7220366575314512,Epsilon Greedy
111,3,4.63579158607978,Epsilon Greedy
112,3,4.075346762917162,Epsilon Greedy
113,3,3.578324787801036,Epsilon Greedy
114,3,3.1124744123845898,Epsilon Greedy
115,3,5.809333278545779,Epsilon Greedy
116,3,3.3570262850589834,Epsilon Greedy
117,3,4.429825286931581,Epsilon Greedy
118,3,5.327008086787161,Epsilon Greedy
119,3,2.606792767317547,Epsilon Greedy
120,3,3.9945195568720337,Epsilon Greedy
121,3,5.399624270884912,Epsilon Greedy
122,3,4.505294041441035,Epsilon Greedy
123,3,3.0166043063413808,Epsilon Greedy
124,3,4.036788641858371,Epsilon Greedy
125,3,1.84415295493124,Epsilon Greedy
126,3,4.417186527714997,Epsilon Greedy
127,3,3.3499197518333186,Epsilon Greedy
128,3,5.246743478772904,Epsilon Greedy
129,3,2.3782321787326515,Epsilon Greedy
130,3,4.603259882586679,Epsilon Greedy
131,3,2.462538939142947,Epsilon Greedy
132,3,3.1197288652145736,Epsilon Greedy
133,3,4.566763931540022,Epsilon Greedy
134,3,1.041395486680111,Epsilon Greedy
135,3,4.694583382773958,Epsilon Greedy
136,3,3.6667102767392104,Epsilon Greedy
137,3,3.7291248357051097,Epsilon Greedy
138,3,3.394397042139163,Epsilon Greedy
139,3,2.898596164789299,Epsilon Greedy
140,3,4.74367594410878,Epsilon Greedy
141,3,3.49010965453939,Epsilon Greedy
142,3,4.0571509908282986,Epsilon Greedy
143,3,2.4679296501495225,Epsilon Greedy
144,3,3.1904009713260293,Epsilon Greedy
145,3,3.8473946267335397,Epsilon Greedy
146,3,3.1848248319143226,Epsilon Greedy
147,3,1.7313630077225008,Epsilon Greedy
148,3,3.088699088655007,Epsilon Greedy
149,3,4.352306162756794,Epsilon Greedy
150,3,3.971689228783272,Epsilon Greedy
151,3,4.5118538977101235,Epsilon Greedy
152,3,4.300095871771593,Epsilon Greedy
153,3,3.597563034625175,Epsilon Greedy
154,3,3.868522389219994,Epsilon Greedy
155,3,4.286914504824539,Epsilon Greedy
156,3,4.579361634494365,Epsilon Greedy
157,3,4.21041930196989,Epsilon Greedy
158,3,4.028387370637043,Epsilon Greedy
159,3,4.563675298199837,Epsilon Greedy
160,3,4.816917536570503,Epsilon Greedy
161,3,4.483011213181974,Epsilon Greedy
162,3,1.7918246247221403,Epsilon Greedy
163,3,4.4322304698289186,Epsilon Greedy
164,3,5.192136373454892,Epsilon Greedy
165,3,3.9067309711105622,Epsilon Greedy
166,3,5.126356428618783,Epsilon Greedy
167,3,3.575313104625821,Epsilon Greedy
168,3,3.00566191492088,Epsilon Greedy
169,3,3.3267935337829586,Epsilon Greedy
170,3,4.888543941021539,Epsilon Greedy
171,3,3.9624496088775722,Epsilon Greedy
172,3,4.472444311815122,Epsilon Greedy
173,3,4.706438884749804,Epsilon Greedy
174,3,3.3847072993160547,Epsilon Greedy
175,3,5.14762969457316,Epsilon Greedy
176,3,4.224846083984213,Epsilon Greedy
177,0,0.23463761534309058,Epsilon Greedy
178,3,3.2467842050387077,Epsilon Greedy
179,3,5.415482535179689,Epsilon Greedy
180,3,5.895481987142696,Epsilon Greedy
181,3,2.22175939239009,Epsilon Greedy
182,3,4.530490045301703,Epsilon Greedy
183,3,3.984107694036922,Epsilon Greedy
184,3,3.3855216671738497,Epsilon Greedy
185,3,2.121312934757784,Epsilon Greedy
186,3,4.429148098624419,Epsilon Greedy
187,3,1.6535894132779916,Epsilon Greedy
188,3,3.9549068666771925,Epsilon Greedy
189,3,4.556872166985797,Epsilon Greedy
190,3,3.4703711344694934,Epsilon Greedy
191,3,4.342523161822502,Epsilon Greedy
192,3,4.5018190885686415,Epsilon Greedy
193,3,2.750021196343254,Epsilon Greedy
194,3,4.9458646039863385,Epsilon Greedy
195,3,3.6897959904746704,Epsilon Greedy
196,3,3.0095933391361585,Epsilon Greedy
197,3,2.993062035624912,Epsilon Greedy
198,3,2.889172606144193,Epsilon Greedy
199,3,4.486211124773617,Epsilon Greedy
200,3,2.737100331715177,Epsilon Greedy
201,3,4.05195693378473,Epsilon Greedy
202,3,4.889933858973697,Epsilon Greedy
203,3,5.030696940209999,Epsilon Greedy
204,3,5.097999972683868,Epsilon Greedy
205,3,3.797261458779658,Epsilon Greedy
206,3,4.617312169032919,Epsilon Greedy
207,3,3.447713330473905,Epsilon Greedy
208,3,5.230530745350309,Epsilon Greedy
209,3,1.63932125538502,Epsilon Greedy
210,3,3.774072491610921,Epsilon Greedy
211,3,4.9782556133192735,Epsilon Greedy
212,3,4.224635095047566,Epsilon Greedy
213,3,3.903297309314577,Epsilon Greedy
214,3,3.8039219956518138,Epsilon Greedy
215,3,5.6110236386498125,Epsilon Greedy
216,3,3.324255477918136,Epsilon Greedy
217,3,3.5519786134190428,Epsilon Greedy
218,3,3.711719635178461,Epsilon Greedy
219,3,4.6154964889220675,Epsilon Greedy
220,3,3.2990648537085434,Epsilon Greedy
221,3,3.5083675130345187,Epsilon Greedy
222,3,3.5280736964707184,Epsilon Greedy
223,3,2.916477327908648,Epsilon Greedy
224,3,3.8375220566817325,Epsilon Greedy
225,3,3.949013876400737,Epsilon Greedy
226,3,3.0704412883092993,Epsilon Greedy
227,3,2.9574658511319374,Epsilon Greedy
228,3,3.198244362220296,Epsilon Greedy
229,3,2.744129438673496,Epsilon Greedy
230,3,6.369968622497259,Epsilon Greedy
231,3,4.22797845409247,Epsilon Greedy
232,3,3.0725329381788913,Epsilon Greedy
233,3,4.5848715317134054,Epsilon Greedy
234,3,4.016893913449315,Epsilon Greedy
235,3,4.272127245536443,Epsilon Greedy
236,3,4.5521937123203005,Epsilon Greedy
237,3,3.8462117511543625,Epsilon Greedy
238,3,4.0922046620397765,Epsilon Greedy
239,3,4.101494893221291,Epsilon Greedy
240,3,4.708861104901765,Epsilon Greedy
241,3,3.229788509574147,Epsilon Greedy
242,3,4.785188506309008,Epsilon Greedy
243,3,4.3866890769643865,Epsilon Greedy
244,3,2.8322218745616903,Epsilon Greedy
245,3,2.973641156756767,Epsilon Greedy
246,3,5.713578814353327,Epsilon Greedy
247,3,2.692297955735217,Epsilon Greedy
248,3,4.808341515530381,Epsilon Greedy
249,3,1.9769096256335255,Epsilon Greedy
250,3,3.833549989118908,Epsilon Greedy
251,3,5.0379481156259756,Epsilon Greedy
252,3,3.7180621473103774,Epsilon Greedy
253,3,3.030996419907819,Epsilon Greedy
254,3,2.3684379950758467,Epsilon Greedy
255,3,4.368785982943502,Epsilon Greedy
256,3,4.693791310929049,Epsilon Greedy
257,3,2.2009053350898786,Epsilon Greedy
258,3,3.353431105694755,Epsilon Greedy
259,3,3.3441006305115373,Epsilon Greedy
260,3,4.258170995103256,Epsilon Greedy
261,3,3.12619647613711,Epsilon Greedy
262,3,3.792053390892841,Epsilon Greedy
263,3,3.5208362771041872,Epsilon Greedy
264,3,5.871007509792756,Epsilon Greedy
265,3,3.6575117331368316,Epsilon Greedy
266,3,4.214049465793855,Epsilon Greedy
267,3,5.070999183485956,Epsilon Greedy
268,3,3.6379252864549763,Epsilon Greedy
269,3,3.9217983975756736,Epsilon Greedy
270,3,2.6509163183624036,Epsilon Greedy
271,3,4.122968203922178,Epsilon Greedy
272,3,4.241132112858482,Epsilon Greedy
273,3,3.8418477885701527,Epsilon Greedy
274,3,4.215181311502253,Epsilon Greedy
275,3,3.559074995899025,Epsilon Greedy
276,3,3.9774673247774905,Epsilon Greedy
277,3,3.384801716880737,Epsilon Greedy
278,3,3.2664235236461594,Epsilon Greedy
279,3,4.616258101995096,Epsilon Greedy
280,3,2.2771515723356,Epsilon Greedy
281,3,3.1673906106359713,Epsilon Greedy
282,3,4.491014091076109,Epsilon Greedy
283,3,3.6703990765250634,Epsilon Greedy
284,3,2.1421402538643806,Epsilon Greedy
285,3,5.279971018093671,Epsilon Greedy
286,3,4.250682314427067,Epsilon Greedy
287,3,4.647908870280028,Epsilon Greedy
288,3,3.7088395386021036,Epsilon Greedy
289,3,4.557843325688223,Epsilon Greedy
290,3,5.437908661318118,Epsilon Greedy
291,3,3.9133154756143127,Epsilon Greedy
292,3,5.126915930141644,Epsilon Greedy
293,3,4.307220040549167,Epsilon Greedy
294,3,2.656128474541574,Epsilon Greedy
295,3,5.1682485613082445,Epsilon Greedy
296,3,4.221524296515676,Epsilon Greedy
297,3,3.5937569765123354,Epsilon Greedy
298,3,2.7383147728303614,Epsilon Greedy
299,3,4.1101127706129335,Epsilon Greedy
300,3,4.955394420220464,Epsilon Greedy
301,3,2.825118202121512,Epsilon Greedy
302,3,3.6577584429680012,Epsilon Greedy
303,3,4.469831225696138,Epsilon Greedy
304,3,3.2881312783037875,Epsilon Greedy
305,3,4.450762730745678,Epsilon Greedy
306,3,3.9234342017529937,Epsilon Greedy
307,3,4.4361222279318255,Epsilon Greedy
308,3,3.5853505827903644,Epsilon Greedy
309,3,3.118662517220563,Epsilon Greedy
310,3,3.376764605048424,Epsilon Greedy
311,3,6.285263727738646,Epsilon Greedy
312,3,2.060907883070082,Epsilon Greedy
313,3,4.9300607242114385,Epsilon Greedy
314,3,4.454124892231623,Epsilon Greedy
315,3,4.007329750317168,Epsilon Greedy
316,3,4.946962759034598,Epsilon Greedy
317,3,2.9905366693856266,Epsilon Greedy
318,3,5.371175195770256,Epsilon Greedy
319,3,5.217380419684311,Epsilon Greedy
320,3,3.9532594757812527,Epsilon Greedy
321,3,4.19352486163637,Epsilon Greedy
322,3,2.3368258373181243,Epsilon Greedy
323,3,2.9352952107545933,Epsilon Greedy
324,3,3.93745147722065,Epsilon Greedy
325,3,4.122934633658576,Epsilon Greedy
326,3,3.1975944828630913,Epsilon Greedy
327,3,2.866416955684916,Epsilon Greedy
328,3,3.6185192587046453,Epsilon Greedy
329,3,2.638764965506281,Epsilon Greedy
330,3,3.7669217433794815,Epsilon Greedy
331,3,4.449601965168368,Epsilon Greedy
332,3,3.112868839237689,Epsilon Greedy
333,3,4.530620254394721,Epsilon Greedy
334,3,4.330721143579377,Epsilon Greedy
335,3,3.8856598767304655,Epsilon Greedy
336,3,3.5102675460680435,Epsilon Greedy
337,3,2.452971324909438,Epsilon Greedy
338,3,5.233375881897244,Epsilon Greedy
339,3,3.0700520472981125,Epsilon Greedy
340,3,2.3224650591759928,Epsilon Greedy
341,3,5.31031738689029,Epsilon Greedy
342,3,2.982095692660132,Epsilon Greedy
343,3,4.0567256336092266,Epsilon Greedy
344,3,2.351150911978815,Epsilon Greedy
345,3,2.4387547942496273,Epsilon Greedy
346,3,5.070328832810733,Epsilon Greedy
347,3,4.019482834719896,Epsilon Greedy
348,3,4.665300109803236,Epsilon Greedy
349,3,4.263541957042491,Epsilon Greedy
350,3,4.072448934913874,Epsilon Greedy
351,3,3.442538019498718,Epsilon Greedy
352,3,3.5412819787410243,Epsilon Greedy
353,3,2.4001892315600344,Epsilon Greedy
354,3,4.667647050995158,Epsilon Greedy
355,3,5.82148546652413,Epsilon Greedy
356,3,3.399670556214938,Epsilon Greedy
357,3,2.5604537403533794,Epsilon Greedy
358,3,3.780128525643682,Epsilon Greedy
359,3,3.1473651462049963,Epsilon Greedy
360,3,3.496764739875389,Epsilon Greedy
361,3,2.308353840264539,Epsilon Greedy
362,3,5.893416463817071,Epsilon Greedy
363,3,3.2386013230741035,Epsilon Greedy
364,3,2.93347379021717,Epsilon Greedy
365,3,3.0803222633880787,Epsilon Greedy
366,3,4.9248578123846185,Epsilon Greedy
367,3,5.27045001715624,Epsilon Greedy
368,3,4.503314698157775,Epsilon Greedy
369,3,3.9626122930402183,Epsilon Greedy
370,3,5.075935960223269,Epsilon Greedy
371,3,3.1318812901876374,Epsilon Greedy
372,3,4.773034357189944,Epsilon Greedy
373,3,4.916516756853246,Epsilon Greedy
374,3,4.162577598808732,Epsilon Greedy
375,3,4.000228691657858,Epsilon Greedy
376,3,2.5697825057588233,Epsilon Greedy
377,3,2.48968212838329,Epsilon Greedy
378,3,2.5240482651691245,Epsilon Greedy
379,3,5.1279389864955585,Epsilon Greedy
380,3,4.0608548746406745,Epsilon Greedy
381,3,2.8262076040988617,Epsilon Greedy
382,3,4.069321354486751,Epsilon Greedy
383,3,3.0562407281815602,Epsilon Greedy
384,3,2.2947047659420114,Epsilon Greedy
385,3,5.826010574657795,Epsilon Greedy
386,3,4.947776883659502,Epsilon Greedy
387,3,3.841572608648805,Epsilon Greedy
388,3,3.781384963135892,Epsilon Greedy
389,3,3.9733866441441283,Epsilon Greedy
390,3,4.563470398183574,Epsilon Greedy
391,3,5.430925362300857,Epsilon Greedy
392,3,2.5210310051038882,Epsilon Greedy
393,3,4.352009808007181,Epsilon Greedy
394,3,4.086306145726164,Epsilon Greedy
395,3,3.0770157454586413,Epsilon Greedy
396,3,2.685971324587938,Epsilon Greedy
397,3,4.9844366830817455,Epsilon Greedy
398,3,4.973038063210981,Epsilon Greedy
399,3,3.2275763537149453,Epsilon Greedy
400,3,3.7543873120270743,Epsilon Greedy
401,3,3.666371325298837,Epsilon Greedy
402,3,3.4506978166477276,Epsilon Greedy
403,3,3.7486259549943743,Epsilon Greedy
404,3,5.025961890803561,Epsilon Greedy
405,3,3.7589749567656914,Epsilon Greedy
406,3,3.785454141122394,Epsilon Greedy
407,3,4.029832649757542,Epsilon Greedy
408,3,2.7364777251217687,Epsilon Greedy
409,3,3.7081918049341778,Epsilon Greedy
410,3,3.068791648365078,Epsilon Greedy
411,3,4.804418905483667,Epsilon Greedy
412,3,2.8462094276376435,Epsilon Greedy
413,3,3.0393478394203752,Epsilon Greedy
414,3,3.266548254637835,Epsilon Greedy
415,3,2.8608237333583864,Epsilon Greedy
416,3,3.2232152812680863,Epsilon Greedy
417,3,4.679463868669396,Epsilon Greedy
418,3,4.732749769941637,Epsilon Greedy
419,3,3.1181873410656986,Epsilon Greedy
420,3,3.226157940150644,Epsilon Greedy
421,3,4.163714950735215,Epsilon Greedy
422,3,5.882637122949556,Epsilon Greedy
423,3,3.651053200334279,Epsilon Greedy
424,3,4.003974182094321,Epsilon Greedy
425,3,3.2094420467267466,Epsilon Greedy
426,3,5.037250064534987,Epsilon Greedy
427,3,4.4573423089281,Epsilon Greedy
428,3,5.764903047429927,Epsilon Greedy
429,3,3.5603116810734736,Epsilon Greedy
430,3,2.6404979006281692,Epsilon Greedy
431,3,4.935854026056352,Epsilon Greedy
432,3,3.541826899724313,Epsilon Greedy
433,3,3.0154930768195483,Epsilon Greedy
434,3,3.6109543791495726,Epsilon Greedy
435,3,4.3274877779687975,Epsilon Greedy
436,3,3.136955391089098,Epsilon Greedy
437,3,3.465335208417617,Epsilon Greedy
438,3,3.8987120731661333,Epsilon Greedy
439,3,3.6907581596440697,Epsilon Greedy
440,3,3.082486912284486,Epsilon Greedy
441,3,4.011499647273846,Epsilon Greedy
442,3,4.258860120195903,Epsilon Greedy
443,3,3.99479382639145,Epsilon Greedy
444,3,3.7515091245910654,Epsilon Greedy
445,3,3.006690349489367,Epsilon Greedy
446,3,2.5530948881520663,Epsilon Greedy
447,3,3.128106914948078,Epsilon Greedy
448,3,4.474817147782837,Epsilon Greedy
449,3,4.44156486356841,Epsilon Greedy
450,3,3.981225327002895,Epsilon Greedy
451,3,5.221739455614973,Epsilon Greedy
452,3,2.866669958335617,Epsilon Greedy
453,3,4.495943098050956,Epsilon Greedy
454,3,5.98471293417723,Epsilon Greedy
455,3,4.905912211461495,Epsilon Greedy
456,3,4.36257388295336,Epsilon Greedy
457,3,4.786555875265519,Epsilon Greedy
458,3,3.848838331061319,Epsilon Greedy
459,3,4.610457580484381,Epsilon Greedy
460,3,4.372626446146531,Epsilon Greedy
461,3,2.642753301949833,Epsilon Greedy
462,3,2.9801875203655475,Epsilon Greedy
463,3,1.5965821022497417,Epsilon Greedy
464,3,4.310293913105163,Epsilon Greedy
465,3,4.598547361905801,Epsilon Greedy
466,3,4.4821284215912875,Epsilon Greedy
467,3,5.155106270434757,Epsilon Greedy
468,3,4.315850509631769,Epsilon Greedy
469,3,4.178664612155682,Epsilon Greedy
470,3,5.502522013453721,Epsilon Greedy
471,3,4.387733430511505,Epsilon Greedy
472,3,4.880049111095604,Epsilon Greedy
473,3,3.5625651980961717,Epsilon Greedy
474,3,3.7635768626745234,Epsilon Greedy
475,3,4.836860772926186,Epsilon Greedy
476,3,3.093188573136354,Epsilon Greedy
477,3,4.735134758892107,Epsilon Greedy
478,3,4.475361596951311,Epsilon Greedy
479,3,3.2155379437994767,Epsilon Greedy
480,3,4.604314489149501,Epsilon Greedy
481,3,3.5033117473875013,Epsilon Greedy
482,3,4.362183424089347,Epsilon Greedy
483,3,5.902677390513271,Epsilon Greedy
484,3,3.5776515051069016,Epsilon Greedy
485,3,4.093747920717908,Epsilon Greedy
486,3,5.050191502178555,Epsilon Greedy
487,3,4.513308892595552,Epsilon Greedy
488,3,3.907922898946526,Epsilon Greedy
489,3,3.850476285878873,Epsilon Greedy
490,3,3.4812700155300327,Epsilon Greedy
491,3,3.801161617759192,Epsilon Greedy
492,1,0.7628798863717599,Epsilon Greedy
493,3,4.599716064245777,Epsilon Greedy
494,3,4.192023587035389,Epsilon Greedy
495,3,4.892036328944251,Epsilon Greedy
496,3,2.015530834703825,Epsilon Greedy
497,3,3.6929955013572155,Epsilon Greedy
498,3,3.499613262169676,Epsilon Greedy
499,3,3.2487795318958868,Epsilon Greedy
500,3,5.275546470142968,Epsilon Greedy
501,3,4.903264538818087,Epsilon Greedy
502,3,4.130132544447426,Epsilon Greedy
503,3,3.7061308612613626,Epsilon Greedy
504,3,6.4444005664125275,Epsilon Greedy
505,3,3.3898120234258453,Epsilon Greedy
506,3,4.6721514973686045,Epsilon Greedy
507,3,3.3117215480697464,Epsilon Greedy
508,3,4.269582729394449,Epsilon Greedy
509,3,2.892659969248267,Epsilon Greedy
510,3,4.0009029613361715,Epsilon Greedy
511,3,3.4803600157531003,Epsilon Greedy
512,3,5.935193670677228,Epsilon Greedy
513,3,3.817259112846312,Epsilon Greedy
514,3,4.019762912492368,Epsilon Greedy
515,3,4.443910067199531,Epsilon Greedy
516,3,3.950147567293759,Epsilon Greedy
517,3,4.913353520297186,Epsilon Greedy
518,3,4.471271429776499,Epsilon Greedy
519,3,4.473148973362353,Epsilon Greedy
520,3,6.073646892755034,Epsilon Greedy
521,3,4.617439918192281,Epsilon Greedy
522,3,3.1791662228684126,Epsilon Greedy
523,3,2.2387513786410844,Epsilon Greedy
524,3,2.57065629019258,Epsilon Greedy
525,3,3.918593432096298,Epsilon Greedy
526,3,3.317362056958223,Epsilon Greedy
527,3,4.92844567943764,Epsilon Greedy
528,3,3.1860539360117266,Epsilon Greedy
529,3,5.233381856532791,Epsilon Greedy
530,3,4.671476341095677,Epsilon Greedy
531,3,3.833375170131723,Epsilon Greedy
532,3,3.1675790967545474,Epsilon Greedy
533,3,3.917340519317668,Epsilon Greedy
534,3,5.366611823211525,Epsilon Greedy
535,3,3.6476472072035815,Epsilon Greedy
536,3,3.335966394335623,Epsilon Greedy
537,3,4.277426835222532,Epsilon Greedy
538,3,4.487543796489443,Epsilon Greedy
539,3,3.561366291342675,Epsilon Greedy
540,3,3.4277316532955413,Epsilon Greedy
541,3,3.7669976138606844,Epsilon Greedy
542,3,2.890755459531328,Epsilon Greedy
543,3,3.8485614752856137,Epsilon Greedy
544,3,4.186467571779685,Epsilon Greedy
545,3,4.00958005542131,Epsilon Greedy
546,3,4.29079697530217,Epsilon Greedy
547,3,3.5299315420945856,Epsilon Greedy
548,3,2.7174060201852144,Epsilon Greedy
549,3,3.965491180870915,Epsilon Greedy
550,3,2.127689806921606,Epsilon Greedy
551,3,2.4530133924096362,Epsilon Greedy
552,3,2.123026399881797,Epsilon Greedy
553,3,5.847151773502167,Epsilon Greedy
554,3,3.540382074010439,Epsilon Greedy
555,3,4.626223690768674,Epsilon Greedy
556,3,3.6750901298028102,Epsilon Greedy
557,3,2.331075472161209,Epsilon Greedy
558,3,3.5160292011677488,Epsilon Greedy
559,3,3.2959132935662505,Epsilon Greedy
560,3,4.2886967557161055,Epsilon Greedy
561,3,3.578079356209299,Epsilon Greedy
562,3,3.4463832026645345,Epsilon Greedy
563,3,3.718563623568796,Epsilon Greedy
564,3,4.083681029217452,Epsilon Greedy
565,3,5.796681317641668,Epsilon Greedy
566,3,2.4762142462385017,Epsilon Greedy
567,3,4.324860672178164,Epsilon Greedy
568,3,4.736077317709188,Epsilon Greedy
569,3,4.134787777487021,Epsilon Greedy
570,3,5.708626151843518,Epsilon Greedy
571,3,4.211751928510961,Epsilon Greedy
572,3,5.942410318822397,Epsilon Greedy
573,3,4.4116810016736805,Epsilon Greedy
574,3,6.202353590544959,Epsilon Greedy
575,3,3.0513395249324002,Epsilon Greedy
576,3,2.6976810921723904,Epsilon Greedy
577,3,5.952702863854513,Epsilon Greedy
578,3,2.9242436607391618,Epsilon Greedy
579,3,4.904619143683516,Epsilon Greedy
580,3,3.7162485087869017,Epsilon Greedy
581,3,3.0443451547496423,Epsilon Greedy
582,3,4.4234363717054315,Epsilon Greedy
583,3,4.361509688372864,Epsilon Greedy
584,3,5.012493005795618,Epsilon Greedy
585,3,3.7075354337786335,Epsilon Greedy
586,3,4.081754530903146,Epsilon Greedy
587,3,3.529460214396217,Epsilon Greedy
588,3,3.459282041687152,Epsilon Greedy
589,3,5.802733727535953,Epsilon Greedy
590,3,3.658549455857112,Epsilon Greedy
591,3,3.9534225676008807,Epsilon Greedy
592,3,2.975315940239943,Epsilon Greedy
593,3,2.3502697255934275,Epsilon Greedy
594,3,3.934021387820536,Epsilon Greedy
595,3,2.7468832461262482,Epsilon Greedy
596,3,4.036557059578002,Epsilon Greedy
597,3,3.5462527687486167,Epsilon Greedy
598,3,3.9320979619531156,Epsilon Greedy
599,3,6.019562499274032,Epsilon Greedy
600,3,4.130289900351476,Epsilon Greedy
601,3,4.329237853817379,Epsilon Greedy
602,3,4.220436878097395,Epsilon Greedy
603,3,4.621159569146515,Epsilon Greedy
604,3,3.983009563991818,Epsilon Greedy
605,3,4.320845657524147,Epsilon Greedy
606,3,5.984730020176981,Epsilon Greedy
607,3,4.97791930006012,Epsilon Greedy
608,3,3.999709964393431,Epsilon Greedy
609,3,4.476536709884449,Epsilon Greedy
610,3,5.584708126635233,Epsilon Greedy
611,3,2.95328740335068,Epsilon Greedy
612,3,4.026917254142158,Epsilon Greedy
613,3,5.538694190275299,Epsilon Greedy
614,3,3.4854524392224837,Epsilon Greedy
615,3,5.425083923525922,Epsilon Greedy
616,3,6.261409661227713,Epsilon Greedy
617,3,5.031458729617633,Epsilon Greedy
618,3,3.379301189295922,Epsilon Greedy
619,3,3.980951713022432,Epsilon Greedy
620,3,4.359389156886019,Epsilon Greedy
621,3,4.409819775500797,Epsilon Greedy
622,3,5.1976936318862474,Epsilon Greedy
623,3,4.4989782541561985,Epsilon Greedy
624,3,4.489557523871765,Epsilon Greedy
625,3,4.884028239125716,Epsilon Greedy
626,3,4.563999718422998,Epsilon Greedy
627,3,5.185483163202451,Epsilon Greedy
628,3,4.321129356650979,Epsilon Greedy
629,3,4.943970590827263,Epsilon Greedy
630,3,4.083567050009956,Epsilon Greedy
631,3,4.385239381377504,Epsilon Greedy
632,3,2.3601947095015454,Epsilon Greedy
633,3,5.144565465223328,Epsilon Greedy
634,3,4.022708986512587,Epsilon Greedy
635,3,5.703350520399248,Epsilon Greedy
636,3,4.997453926854144,Epsilon Greedy
637,3,3.060961389204602,Epsilon Greedy
638,3,4.700113254126762,Epsilon Greedy
639,3,3.312891669500854,Epsilon Greedy
640,3,4.494636888650148,Epsilon Greedy
641,3,3.7401850333699995,Epsilon Greedy
642,3,3.415545219424952,Epsilon Greedy
643,3,3.8222172182558047,Epsilon Greedy
644,3,3.4365687979323543,Epsilon Greedy
645,3,3.265331362444756,Epsilon Greedy
646,3,4.995485854328059,Epsilon Greedy
647,3,4.818245412327931,Epsilon Greedy
648,3,3.551064897127757,Epsilon Greedy
649,3,4.38954215608341,Epsilon Greedy
650,3,4.445131538497801,Epsilon Greedy
651,3,5.7932799620245685,Epsilon Greedy
652,3,1.4066965083369132,Epsilon Greedy
653,3,1.1318257860822074,Epsilon Greedy
654,3,4.712342504827303,Epsilon Greedy
655,3,3.585556315237705,Epsilon Greedy
656,3,6.0515698653151455,Epsilon Greedy
657,3,4.192225477630274,Epsilon Greedy
658,3,4.768401532833643,Epsilon Greedy
659,3,2.8968479262593134,Epsilon Greedy
660,3,2.6086942441254735,Epsilon Greedy
661,3,3.5626129517462353,Epsilon Greedy
662,3,3.700145874004932,Epsilon Greedy
663,3,3.6019288187456913,Epsilon Greedy
664,3,4.359476342255244,Epsilon Greedy
665,3,4.903353144801553,Epsilon Greedy
666,3,4.095658208004003,Epsilon Greedy
667,3,5.284691951045979,Epsilon Greedy
668,3,3.8363451144591774,Epsilon Greedy
669,3,4.082916518777882,Epsilon Greedy
670,3,3.9543492536473166,Epsilon Greedy
671,3,5.886894903116331,Epsilon Greedy
672,3,3.315314457704189,Epsilon Greedy
673,3,3.6667210602296016,Epsilon Greedy
674,3,3.964660460046987,Epsilon Greedy
675,3,5.183371016040448,Epsilon Greedy
676,3,4.092513145852959,Epsilon Greedy
677,3,3.0872690277821606,Epsilon Greedy
678,3,2.8864136414423287,Epsilon Greedy
679,3,3.37112350564047,Epsilon Greedy
680,3,4.800226634608046,Epsilon Greedy
681,0,0.2554444138352039,Epsilon Greedy
682,3,4.183111932460079,Epsilon Greedy
683,3,5.133562307754405,Epsilon Greedy
684,3,3.7214003117689214,Epsilon Greedy
685,3,5.156289970801149,Epsilon Greedy
686,3,4.239624248992816,Epsilon Greedy
687,3,3.030501271338763,Epsilon Greedy
688,3,1.9931743040740617,Epsilon Greedy
689,3,3.895531999328389,Epsilon Greedy
690,3,3.5770759603379663,Epsilon Greedy
691,3,5.239940288041891,Epsilon Greedy
692,3,2.7283055033274817,Epsilon Greedy
693,3,7.2753724241873705,Epsilon Greedy
694,3,4.125130001069428,Epsilon Greedy
695,3,4.252395001229253,Epsilon Greedy
696,3,4.330797915610378,Epsilon Greedy
697,3,1.9817285796265818,Epsilon Greedy
698,3,3.45039259966944,Epsilon Greedy
699,3,3.8521538941906517,Epsilon Greedy
700,3,3.160922063136235,Epsilon Greedy
701,3,4.691700141626309,Epsilon Greedy
702,3,3.2949282856567694,Epsilon Greedy
703,3,5.26320761607059,Epsilon Greedy
704,3,4.755885978014007,Epsilon Greedy
705,3,4.5080390971170585,Epsilon Greedy
706,3,4.891207508955872,Epsilon Greedy
707,3,2.859282407331808,Epsilon Greedy
708,3,6.500867036585658,Epsilon Greedy
709,3,4.986644037545731,Epsilon Greedy
710,3,3.3853755592420347,Epsilon Greedy
711,3,4.854294276096545,Epsilon Greedy
712,3,3.136006884368713,Epsilon Greedy
713,3,3.896243025876097,Epsilon Greedy
714,3,3.5638584109423173,Epsilon Greedy
715,3,3.883819497931251,Epsilon Greedy
716,3,3.737450057607486,Epsilon Greedy
717,3,3.9891609783897657,Epsilon Greedy
718,3,4.9605792829478474,Epsilon Greedy
719,3,3.7315974786878665,Epsilon Greedy
720,3,5.824997491899593,Epsilon Greedy
721,3,5.784524870618084,Epsilon Greedy
722,3,3.006220506588829,Epsilon Greedy
723,3,4.973139047219594,Epsilon Greedy
724,3,3.6710274652289807,Epsilon Greedy
725,3,5.051962050387254,Epsilon Greedy
726,3,3.8530147145070393,Epsilon Greedy
727,3,3.589987060754859,Epsilon Greedy
728,3,4.462695592233524,Epsilon Greedy
729,3,3.2883484416046223,Epsilon Greedy
730,3,2.421505638183806,Epsilon Greedy
731,3,3.7850438843169494,Epsilon Greedy
732,3,4.4131854656561025,Epsilon Greedy
733,3,3.122863143732195,Epsilon Greedy
734,3,5.573376226431771,Epsilon Greedy
735,3,3.9259015257829644,Epsilon Greedy
736,3,4.246350868426799,Epsilon Greedy
737,3,3.8426195969979293,Epsilon Greedy
738,3,3.4729361097203397,Epsilon Greedy
739,3,3.498922178511427,Epsilon Greedy
740,3,3.97671295419289,Epsilon Greedy
741,3,5.2089301693101175,Epsilon Greedy
742,3,3.45927130363761,Epsilon Greedy
743,3,4.051728732434421,Epsilon Greedy
744,3,5.125500012204242,Epsilon Greedy
745,3,3.910133428622708,Epsilon Greedy
746,3,2.5254126969162014,Epsilon Greedy
747,3,4.896515579164171,Epsilon Greedy
748,3,1.6374003186021864,Epsilon Greedy
749,3,4.359870151939375,Epsilon Greedy
750,3,3.5602314007739313,Epsilon Greedy
751,3,4.892361488234634,Epsilon Greedy
752,3,5.158951332683433,Epsilon Greedy
753,3,2.216979661811168,Epsilon Greedy
754,3,3.872652041912828,Epsilon Greedy
755,3,4.407322310963373,Epsilon Greedy
756,3,5.07450517607367,Epsilon Greedy
757,3,4.407233607486596,Epsilon Greedy
758,3,3.7295366934038814,Epsilon Greedy
759,3,3.8960567797162753,Epsilon Greedy
760,3,5.32102673423344,Epsilon Greedy
761,3,5.974302793668985,Epsilon Greedy
762,3,3.681857396110287,Epsilon Greedy
763,3,5.490487328746416,Epsilon Greedy
764,3,4.5840213196163475,Epsilon Greedy
765,3,3.920602020443221,Epsilon Greedy
766,3,4.192751434778689,Epsilon Greedy
767,3,4.9019704231527,Epsilon Greedy
768,3,3.6310896594722473,Epsilon Greedy
769,3,3.5124094777826658,Epsilon Greedy
770,3,4.812772890501017,Epsilon Greedy
771,3,4.630955945143984,Epsilon Greedy
772,3,3.634941827829822,Epsilon Greedy
773,3,4.956595282145166,Epsilon Greedy
774,3,3.2339022524646217,Epsilon Greedy
775,3,2.9149766882695687,Epsilon Greedy
776,3,3.9832645825890514,Epsilon Greedy
777,3,4.209756663785052,Epsilon Greedy
778,3,3.5652077899739525,Epsilon Greedy
779,3,5.152778064262398,Epsilon Greedy
780,3,3.4339418712132486,Epsilon Greedy
781,3,4.092656529414491,Epsilon Greedy
782,3,3.229639336426032,Epsilon Greedy
783,3,3.0091881190762138,Epsilon Greedy
784,3,4.033975002952828,Epsilon Greedy
785,3,2.890058823501839,Epsilon Greedy
786,3,4.21919604390019,Epsilon Greedy
787,3,2.812752148521181,Epsilon Greedy
788,3,4.2571320735019835,Epsilon Greedy
789,3,2.830178970871302,Epsilon Greedy
790,3,4.180690679726627,Epsilon Greedy
791,3,6.481987210778595,Epsilon Greedy
792,3,5.21611136055805,Epsilon Greedy
793,3,4.071909434679456,Epsilon Greedy
794,3,3.469046341674414,Epsilon Greedy
795,3,5.724807685740358,Epsilon Greedy
796,3,5.213885019754818,Epsilon Greedy
797,3,5.141486325451215,Epsilon Greedy
798,3,3.975532505652818,Epsilon Greedy
799,3,2.2087385675994895,Epsilon Greedy
800,3,5.460344185826514,Epsilon Greedy
801,3,6.4501452651961,Epsilon Greedy
802,3,4.863901249994358,Epsilon Greedy
803,3,3.804292140604083,Epsilon Greedy
804,3,4.8062491691688844,Epsilon Greedy
805,3,4.33270127806272,Epsilon Greedy
806,3,3.7462868253625015,Epsilon Greedy
807,3,2.9482919680527164,Epsilon Greedy
808,3,3.746834774162733,Epsilon Greedy
809,3,3.2160205477608024,Epsilon Greedy
810,3,4.8035588328236445,Epsilon Greedy
811,3,4.6016514224468406,Epsilon Greedy
812,3,4.3060489938711335,Epsilon Greedy
813,3,5.486967999661384,Epsilon Greedy
814,3,4.465099499194624,Epsilon Greedy
815,3,6.659243215218167,Epsilon Greedy
816,3,3.760285432348376,Epsilon Greedy
817,3,4.010491629541394,Epsilon Greedy
818,3,3.0861621050996235,Epsilon Greedy
819,3,2.6203417472814134,Epsilon Greedy
820,3,3.9957433660493775,Epsilon Greedy
821,3,3.3695471076579695,Epsilon Greedy
822,3,5.071150057613966,Epsilon Greedy
823,3,4.826304722620641,Epsilon Greedy
824,3,3.3941849271112616,Epsilon Greedy
825,3,6.121161581686494,Epsilon Greedy
826,3,4.513176121731421,Epsilon Greedy
827,3,5.197200808636553,Epsilon Greedy
828,3,3.1145921907008423,Epsilon Greedy
829,3,5.0143061908967885,Epsilon Greedy
830,3,2.8887448643225975,Epsilon Greedy
831,3,3.455383328163632,Epsilon Greedy
832,3,3.225412070709201,Epsilon Greedy
833,3,4.186998216998457,Epsilon Greedy
834,3,3.8109970028205904,Epsilon Greedy
835,3,5.64842544511418,Epsilon Greedy
836,3,0.7295059094329575,Epsilon Greedy
837,3,3.0381219939258894,Epsilon Greedy
838,3,3.927997312605921,Epsilon Greedy
839,3,3.355500718439908,Epsilon Greedy
840,3,4.665252133942091,Epsilon Greedy
841,3,5.046548527470591,Epsilon Greedy
842,3,3.135100757998872,Epsilon Greedy
843,3,5.522542732921844,Epsilon Greedy
844,3,2.1397235109473915,Epsilon Greedy
845,3,3.554766841143426,Epsilon Greedy
846,3,5.355112014245925,Epsilon Greedy
847,3,3.770000993660231,Epsilon Greedy
848,3,2.0908764146432777,Epsilon Greedy
849,3,4.0212844310873415,Epsilon Greedy
850,3,3.5747668720848003,Epsilon Greedy
851,3,2.2282693208344795,Epsilon Greedy
852,3,4.32735288873123,Epsilon Greedy
853,3,3.6086283210975507,Epsilon Greedy
854,3,4.851890345131663,Epsilon Greedy
855,3,3.7222080325658733,Epsilon Greedy
856,3,4.67379022910447,Epsilon Greedy
857,3,3.890961901704053,Epsilon Greedy
858,3,3.8399754744817174,Epsilon Greedy
859,3,4.778474195588459,Epsilon Greedy
860,3,4.480578834032773,Epsilon Greedy
861,3,3.579787687661787,Epsilon Greedy
862,3,4.213945997485937,Epsilon Greedy
863,3,3.540811679638515,Epsilon Greedy
864,3,3.215600777644841,Epsilon Greedy
865,3,2.088280969079846,Epsilon Greedy
866,3,2.7363454221551446,Epsilon Greedy
867,3,3.8108165448277216,Epsilon Greedy
868,3,3.0265299272936743,Epsilon Greedy
869,3,3.8338408442838343,Epsilon Greedy
870,3,2.3351653434749835,Epsilon Greedy
871,3,4.889114188906771,Epsilon Greedy
872,3,4.285028560456418,Epsilon Greedy
873,3,4.504366567025456,Epsilon Greedy
874,3,4.342440462432664,Epsilon Greedy
875,3,3.2434340835438067,Epsilon Greedy
876,3,2.797462211555299,Epsilon Greedy
877,3,4.198499880856129,Epsilon Greedy
878,3,5.220253864961861,Epsilon Greedy
879,3,3.9692016084931003,Epsilon Greedy
880,3,4.212264983569992,Epsilon Greedy
881,3,5.642621268829627,Epsilon Greedy
882,3,3.5068142244009826,Epsilon Greedy
883,3,5.4274541698593755,Epsilon Greedy
884,3,5.080268172960415,Epsilon Greedy
885,3,4.906591203665785,Epsilon Greedy
886,3,3.709423079987389,Epsilon Greedy
887,3,4.3298473397518755,Epsilon Greedy
888,3,1.8420756539815613,Epsilon Greedy
889,3,4.438757262429403,Epsilon Greedy
890,3,3.7578467363978563,Epsilon Greedy
891,3,4.115810183181214,Epsilon Greedy
892,3,2.9174970238553986,Epsilon Greedy
893,3,3.4196823961019374,Epsilon Greedy
894,3,4.790998670714124,Epsilon Greedy
895,3,5.500359353477323,Epsilon Greedy
896,3,3.3879286555645978,Epsilon Greedy
897,3,5.280159274088246,Epsilon Greedy
898,3,2.255261734093173,Epsilon Greedy
899,3,3.4863000494083356,Epsilon Greedy
900,3,3.247972511704572,Epsilon Greedy
901,3,4.573427851256089,Epsilon Greedy
902,3,5.206616879541598,Epsilon Greedy
903,3,2.6199643760030673,Epsilon Greedy
904,3,3.0362470360289437,Epsilon Greedy
905,3,3.262675031998493,Epsilon Greedy
906,3,4.564428836310933,Epsilon Greedy
907,3,4.781864683643131,Epsilon Greedy
908,3,3.0473698898503327,Epsilon Greedy
909,3,3.8049273806178996,Epsilon Greedy
910,3,3.2077119889307513,Epsilon Greedy
911,3,4.132807558162341,Epsilon Greedy
912,3,6.179807886870767,Epsilon Greedy
913,3,3.2766425990721277,Epsilon Greedy
914,3,4.375046808089636,Epsilon Greedy
915,3,4.542963313462309,Epsilon Greedy
916,3,4.851653226280241,Epsilon Greedy
917,3,5.161785012905732,Epsilon Greedy
918,3,4.210596858006742,Epsilon Greedy
919,3,4.15805677842819,Epsilon Greedy
920,3,3.7009241683091405,Epsilon Greedy
921,3,3.178104610405214,Epsilon Greedy
922,3,3.369562559411271,Epsilon Greedy
923,3,4.2665955286594235,Epsilon Greedy
924,3,1.512960494383203,Epsilon Greedy
925,3,3.502850043693914,Epsilon Greedy
926,3,4.480836284207809,Epsilon Greedy
927,3,3.9425116651872325,Epsilon Greedy
928,3,5.138065916016548,Epsilon Greedy
929,3,3.8698827487185334,Epsilon Greedy
930,3,3.2984190116223964,Epsilon Greedy
931,3,3.7177930259173544,Epsilon Greedy
932,3,4.869919810987029,Epsilon Greedy
933,3,4.681739681464148,Epsilon Greedy
934,3,4.622507887366733,Epsilon Greedy
935,3,3.3801429368827844,Epsilon Greedy
936,3,2.7839838919271953,Epsilon Greedy
937,3,3.570047189096815,Epsilon Greedy
938,3,4.475785067529852,Epsilon Greedy
939,3,4.410869303098964,Epsilon Greedy
940,3,5.224383596018168,Epsilon Greedy
941,3,5.648142882338356,Epsilon Greedy
942,3,4.223566592652677,Epsilon Greedy
943,3,4.2525481845860975,Epsilon Greedy
944,3,2.885564604433628,Epsilon Greedy
945,3,3.1902686645229665,Epsilon Greedy
946,3,3.982370284121096,Epsilon Greedy
947,3,3.43305372925969,Epsilon Greedy
948,3,3.3078056063224466,Epsilon Greedy
949,3,4.118309038569322,Epsilon Greedy
950,3,3.802932304330939,Epsilon Greedy
951,3,5.105936963214795,Epsilon Greedy
952,3,4.96681023380267,Epsilon Greedy
953,3,2.481395861583037,Epsilon Greedy
954,3,3.665551492513172,Epsilon Greedy
955,3,2.748458911668889,Epsilon Greedy
956,3,3.421772321974306,Epsilon Greedy
957,3,4.13506895845596,Epsilon Greedy
958,3,3.846242258817856,Epsilon Greedy
959,3,4.822749690922072,Epsilon Greedy
960,3,3.4986078294930163,Epsilon Greedy
961,3,4.494966083422972,Epsilon Greedy
962,3,3.6782194498136707,Epsilon Greedy
963,3,2.9820215830552907,Epsilon Greedy
964,3,2.681702843420795,Epsilon Greedy
965,3,5.763395137412121,Epsilon Greedy
966,3,3.2484893481407515,Epsilon Greedy
967,3,2.804551272019031,Epsilon Greedy
968,3,4.2487568148162325,Epsilon Greedy
969,3,5.139142361788226,Epsilon Greedy
970,3,3.7623635693594957,Epsilon Greedy
971,3,3.129623095070494,Epsilon Greedy
972,3,3.6538842591489487,Epsilon Greedy
973,3,3.796986438656719,Epsilon Greedy
974,3,3.781556880219549,Epsilon Greedy
975,3,3.951709896281525,Epsilon Greedy
976,3,1.3655879744622217,Epsilon Greedy
977,3,3.71299140357615,Epsilon Greedy
978,3,3.5281647081165177,Epsilon Greedy
979,3,2.4952826029097293,Epsilon Greedy
980,3,3.0474363836695213,Epsilon Greedy
981,3,3.910277226685164,Epsilon Greedy
982,3,5.4177789918052905,Epsilon Greedy
983,3,4.877569196616637,Epsilon Greedy
984,3,5.715633874227865,Epsilon Greedy
985,3,4.905580675781608,Epsilon Greedy
986,3,4.850364611671474,Epsilon Greedy
987,3,3.992347467746462,Epsilon Greedy
988,3,3.3896929243558387,Epsilon Greedy
989,3,4.896951488136425,Epsilon Greedy
990,3,3.6259351085875147,Epsilon Greedy
991,3,4.100411639198172,Epsilon Greedy
992,3,4.315050242271001,Epsilon Greedy
993,3,4.013189208212572,Epsilon Greedy
994,3,5.075785415192415,Epsilon Greedy
995,3,3.0871983063076693,Epsilon Greedy
996,3,4.484730248264054,Epsilon Greedy
997,3,4.950089201696202,Epsilon Greedy
998,3,4.914465202387138,Epsilon Greedy
999,3,3.387334618046708,Epsilon Greedy
1000,3,4.191395645825717,Epsilon Greedy
1001,3,4.419157197446547,Epsilon Greedy
1002,3,6.539479099942302,Epsilon Greedy
1003,3,4.143821549454314,Epsilon Greedy
1004,3,4.074061918733268,Epsilon Greedy
1005,3,2.9794115631096356,Epsilon Greedy
1006,3,4.177683786510925,Epsilon Greedy
1007,3,3.5007138342809507,Epsilon Greedy
1008,3,7.224064162657413,Epsilon Greedy
1009,3,3.946017870693208,Epsilon Greedy
1010,3,5.148666456123146,Epsilon Greedy
1011,3,2.276295651952848,Epsilon Greedy
1012,3,2.2222574822301566,Epsilon Greedy
1013,3,4.4918677351128915,Epsilon Greedy
1014,3,3.121965458080209,Epsilon Greedy
1015,3,4.341387630078335,Epsilon Greedy
1016,3,3.7715160807758585,Epsilon Greedy
1017,3,2.9978638067197663,Epsilon Greedy
1018,3,5.039919474087744,Epsilon Greedy
1019,3,5.480410862740444,Epsilon Greedy
1020,3,3.816737540463433,Epsilon Greedy
1021,3,3.8380340817406253,Epsilon Greedy
1022,3,4.172286209374865,Epsilon Greedy
1023,3,3.950016662072209,Epsilon Greedy
1024,3,1.8168877123775125,Epsilon Greedy
1025,3,4.029588186802954,Epsilon Greedy
1026,3,4.648639697656334,Epsilon Greedy
1027,3,4.433436951389061,Epsilon Greedy
1028,3,3.119174987859397,Epsilon Greedy
1029,3,4.37643780602113,Epsilon Greedy
1030,3,4.709867028635281,Epsilon Greedy
1031,3,4.561584219207738,Epsilon Greedy
1032,3,2.8413499265832654,Epsilon Greedy
1033,3,4.40850187318654,Epsilon Greedy
1034,3,2.953323270576217,Epsilon Greedy
1035,3,3.549301336616007,Epsilon Greedy
1036,3,5.529852529927335,Epsilon Greedy
1037,3,3.6662681046560506,Epsilon Greedy
1038,3,3.947185225485658,Epsilon Greedy
1039,3,5.366045307846189,Epsilon Greedy
1040,3,4.186739618422008,Epsilon Greedy
1041,3,4.038290077174548,Epsilon Greedy
1042,3,3.774319961770242,Epsilon Greedy
1043,3,3.5585088974243355,Epsilon Greedy
1044,3,4.571040630704852,Epsilon Greedy
1045,3,3.658818502996485,Epsilon Greedy
1046,3,3.9409839688123074,Epsilon Greedy
1047,3,3.613426711868841,Epsilon Greedy
1048,3,5.640821568963698,Epsilon Greedy
1049,3,3.700496469185673,Epsilon Greedy
1050,3,3.966592748940883,Epsilon Greedy
1051,3,3.4919167897040913,Epsilon Greedy
1052,3,4.202237005491601,Epsilon Greedy
1053,3,4.682184618315325,Epsilon Greedy
1054,3,4.164566578473903,Epsilon Greedy
1055,3,1.2291709213955677,Epsilon Greedy
1056,3,4.841587301813351,Epsilon Greedy
1057,3,3.300904416411061,Epsilon Greedy
1058,3,3.980971466859622,Epsilon Greedy
1059,3,4.302731430187333,Epsilon Greedy
1060,3,5.145800441170746,Epsilon Greedy
1061,3,3.215507247746589,Epsilon Greedy
1062,3,2.9812924612219076,Epsilon Greedy
1063,3,3.0085402569502415,Epsilon Greedy
1064,3,4.861315528717617,Epsilon Greedy
1065,3,3.5668290415508133,Epsilon Greedy
1066,3,3.9754467076168734,Epsilon Greedy
1067,3,3.6983642850028153,Epsilon Greedy
1068,3,3.428446679181532,Epsilon Greedy
1069,3,4.292967272633289,Epsilon Greedy
1070,3,4.159012249735372,Epsilon Greedy
1071,3,4.413604362753855,Epsilon Greedy
1072,3,4.059467027651128,Epsilon Greedy
1073,3,4.710683339911094,Epsilon Greedy
1074,3,3.2286134889179063,Epsilon Greedy
1075,3,2.7822626596412623,Epsilon Greedy
1076,3,4.958955603917283,Epsilon Greedy
1077,3,3.3223839812761407,Epsilon Greedy
1078,3,3.325702872550548,Epsilon Greedy
1079,3,5.006349148844832,Epsilon Greedy
1080,3,5.536471023844002,Epsilon Greedy
1081,3,4.305741581402358,Epsilon Greedy
1082,3,5.879443044501636,Epsilon Greedy
1083,3,3.972928360721145,Epsilon Greedy
1084,3,4.929457857811729,Epsilon Greedy
1085,3,4.929092434493972,Epsilon Greedy
1086,3,3.933536015582147,Epsilon Greedy
1087,3,4.886811897873722,Epsilon Greedy
1088,3,4.298336409664766,Epsilon Greedy
1089,3,5.593298066012315,Epsilon Greedy
1090,3,5.806303688166916,Epsilon Greedy
1091,3,5.710417721407478,Epsilon Greedy
1092,3,4.626828660542258,Epsilon Greedy
1093,3,6.218334049426187,Epsilon Greedy
1094,3,5.9332327718587035,Epsilon Greedy
1095,3,4.783393747485954,Epsilon Greedy
1096,3,2.051088776624887,Epsilon Greedy
1097,3,4.05513948436382,Epsilon Greedy
1098,3,3.6364585516465002,Epsilon Greedy
1099,3,2.6567433446785094,Epsilon Greedy
1100,3,3.297308304820859,Epsilon Greedy
1101,3,3.7676237057048065,Epsilon Greedy
1102,3,4.3948028332871205,Epsilon Greedy
1103,3,4.704243703663125,Epsilon Greedy
1104,3,3.5416788697164616,Epsilon Greedy
1105,3,3.847667580832483,Epsilon Greedy
1106,3,6.482982412256885,Epsilon Greedy
1107,3,2.924291658139275,Epsilon Greedy
1108,3,2.034477608906768,Epsilon Greedy
1109,3,4.128558745092682,Epsilon Greedy
1110,3,2.802543071116075,Epsilon Greedy
1111,3,4.307114394159608,Epsilon Greedy
1112,3,3.144290976029414,Epsilon Greedy
1113,3,5.154770336188303,Epsilon Greedy
1114,3,4.085530253956813,Epsilon Greedy
1115,3,3.9608417608890707,Epsilon Greedy
1116,3,3.635948106567974,Epsilon Greedy
1117,3,3.9674336841769655,Epsilon Greedy
1118,3,2.9276429283842864,Epsilon Greedy
1119,3,4.286286982572284,Epsilon Greedy
1120,3,4.170634153460281,Epsilon Greedy
1121,3,4.197946571846943,Epsilon Greedy
1122,3,4.8250788050969335,Epsilon Greedy
1123,3,5.019290932660429,Epsilon Greedy
1124,3,2.9086893072574718,Epsilon Greedy
1125,3,4.639864813526693,Epsilon Greedy
1126,3,3.5409723063008767,Epsilon Greedy
1127,3,3.0555866894934187,Epsilon Greedy
1128,3,4.389905231823118,Epsilon Greedy
1129,3,4.439151040272766,Epsilon Greedy
1130,3,5.730578724703248,Epsilon Greedy
1131,3,4.098664456461593,Epsilon Greedy
1132,3,4.432973213858044,Epsilon Greedy
1133,3,3.4429772795598494,Epsilon Greedy
1134,3,4.915391040719079,Epsilon Greedy
1135,3,2.867448211016404,Epsilon Greedy
1136,3,4.5344589341872625,Epsilon Greedy
1137,3,2.6316837151563686,Epsilon Greedy
1138,3,4.522626483836169,Epsilon Greedy
1139,3,4.288511471804144,Epsilon Greedy
1140,3,3.305981128440798,Epsilon Greedy
1141,3,5.788482230693565,Epsilon Greedy
1142,3,4.855110875586542,Epsilon Greedy
1143,3,1.685892206672289,Epsilon Greedy
1144,3,4.076222750119084,Epsilon Greedy
1145,3,3.7193259749015453,Epsilon Greedy
1146,3,4.764924186319907,Epsilon Greedy
1147,3,4.508854032167444,Epsilon Greedy
1148,3,3.8737313656780756,Epsilon Greedy
1149,3,3.9562775847001235,Epsilon Greedy
1150,3,3.9780085823801152,Epsilon Greedy
1151,3,3.0410573912942906,Epsilon Greedy
1152,3,1.6698975212417926,Epsilon Greedy
1153,3,4.1276980631701665,Epsilon Greedy
1154,3,4.748561703021814,Epsilon Greedy
1155,3,4.357866235565256,Epsilon Greedy
1156,3,4.2723945881900995,Epsilon Greedy
1157,3,3.6263517672711596,Epsilon Greedy
1158,3,3.870521699586599,Epsilon Greedy
1159,3,4.6034467892815805,Epsilon Greedy
1160,3,4.871868959891344,Epsilon Greedy
1161,3,3.4196237012306354,Epsilon Greedy
1162,3,4.780480538546426,Epsilon Greedy
1163,3,6.028258820743282,Epsilon Greedy
1164,3,4.834614932640985,Epsilon Greedy
1165,3,6.257293907267941,Epsilon Greedy
1166,3,5.737391026905445,Epsilon Greedy
1167,3,0.3455669350683559,Epsilon Greedy
1168,3,5.397589541392356,Epsilon Greedy
1169,3,3.6374010370145027,Epsilon Greedy
1170,3,4.679767059568697,Epsilon Greedy
1171,3,3.205649707918249,Epsilon Greedy
1172,3,5.041883441063811,Epsilon Greedy
1173,3,4.282458188498109,Epsilon Greedy
1174,3,4.135388878385247,Epsilon Greedy
1175,3,4.587248812146385,Epsilon Greedy
1176,3,5.768835010377561,Epsilon Greedy
1177,3,3.917666181117181,Epsilon Greedy
1178,3,3.3089427204288198,Epsilon Greedy
1179,3,4.083585946215353,Epsilon Greedy
1180,3,4.172494404233641,Epsilon Greedy
1181,3,5.2384303046017,Epsilon Greedy
1182,3,2.7749520299960992,Epsilon Greedy
1183,3,4.27539275485368,Epsilon Greedy
1184,3,4.15356538987284,Epsilon Greedy
1185,3,3.4600058784180763,Epsilon Greedy
1186,3,3.657297187974143,Epsilon Greedy
1187,3,4.695129151155639,Epsilon Greedy
1188,3,3.3164653920532823,Epsilon Greedy
1189,3,3.2500591890753268,Epsilon Greedy
1190,3,5.904815971311844,Epsilon Greedy
1191,3,3.991419365677065,Epsilon Greedy
1192,3,3.756942408595235,Epsilon Greedy
1193,3,5.527305318763995,Epsilon Greedy
1194,3,4.178833122735108,Epsilon Greedy
1195,3,3.672236878756654,Epsilon Greedy
1196,3,3.7713919169819827,Epsilon Greedy
1197,3,2.223620494259924,Epsilon Greedy
1198,3,4.323096733986061,Epsilon Greedy
1199,3,4.315348303816969,Epsilon Greedy
1200,3,2.249111379401583,Epsilon Greedy
1201,3,4.936875508680838,Epsilon Greedy
1202,3,4.786623498519197,Epsilon Greedy
1203,3,3.484088022013573,Epsilon Greedy
1204,3,3.8364729273925446,Epsilon Greedy
1205,3,4.5153822295770185,Epsilon Greedy
1206,3,3.3470621420013544,Epsilon Greedy
1207,3,4.460973341127584,Epsilon Greedy
1208,3,3.7458589864945733,Epsilon Greedy
1209,3,5.203794362654156,Epsilon Greedy
1210,3,3.533278044311802,Epsilon Greedy
1211,3,4.4961675286167155,Epsilon Greedy
1212,3,5.325904985060569,Epsilon Greedy
1213,3,4.741028794808681,Epsilon Greedy
1214,3,3.3313849770421777,Epsilon Greedy
1215,3,4.1955660548439395,Epsilon Greedy
1216,3,3.5732966715744126,Epsilon Greedy
1217,3,5.919280269548246,Epsilon Greedy
1218,3,2.7723787099383896,Epsilon Greedy
1219,3,4.22852623499705,Epsilon Greedy
1220,3,4.073750300596022,Epsilon Greedy
1221,3,3.9275768147606387,Epsilon Greedy
1222,3,3.0866675841631497,Epsilon Greedy
1223,3,4.949729962399053,Epsilon Greedy
1224,3,5.827336876585392,Epsilon Greedy
1225,3,4.156057363630461,Epsilon Greedy
1226,3,3.6425699650587435,Epsilon Greedy
1227,3,3.117632173086191,Epsilon Greedy
1228,3,3.910395686973039,Epsilon Greedy
1229,3,4.257849764265037,Epsilon Greedy
1230,3,3.2823671783744985,Epsilon Greedy
1231,3,3.821823740843479,Epsilon Greedy
1232,3,5.081286490261008,Epsilon Greedy
1233,3,3.810284206815926,Epsilon Greedy
1234,3,4.803241200795309,Epsilon Greedy
1235,3,4.558614040235071,Epsilon Greedy
1236,3,3.7665029377648653,Epsilon Greedy
1237,3,4.107566363269686,Epsilon Greedy
1238,3,4.206613383747244,Epsilon Greedy
1239,3,3.239565161337736,Epsilon Greedy
1240,3,5.4974273893774654,Epsilon Greedy
1241,3,4.299156806530013,Epsilon Greedy
1242,3,2.769462000047377,Epsilon Greedy
1243,3,2.452493693420272,Epsilon Greedy
1244,3,2.4025880489131515,Epsilon Greedy
1245,3,4.449434758031012,Epsilon Greedy
1246,3,4.393583438559568,Epsilon Greedy
1247,3,1.5618438449463552,Epsilon Greedy
1248,3,5.1160779300119845,Epsilon Greedy
1249,3,4.143996487238319,Epsilon Greedy
1250,3,3.3213510210843404,Epsilon Greedy
1251,3,1.8161147427778044,Epsilon Greedy
1252,3,3.909474550430635,Epsilon Greedy
1253,3,4.38385584222641,Epsilon Greedy
1254,3,3.7375490294755953,Epsilon Greedy
1255,3,2.741628524378875,Epsilon Greedy
1256,3,5.237850961028172,Epsilon Greedy
1257,3,3.4748332950297027,Epsilon Greedy
1258,3,4.017259029720349,Epsilon Greedy
1259,3,5.161430425639883,Epsilon Greedy
1260,3,3.9110500441387694,Epsilon Greedy
1261,3,4.789278907661679,Epsilon Greedy
1262,3,4.808376059644256,Epsilon Greedy
1263,3,5.487490092162792,Epsilon Greedy
1264,3,5.160983083504653,Epsilon Greedy
1265,3,4.140859276666424,Epsilon Greedy
1266,3,5.732312613658159,Epsilon Greedy
1267,3,5.327225683706277,Epsilon Greedy
1268,3,3.9995417938860176,Epsilon Greedy
1269,3,4.841100904777688,Epsilon Greedy
1270,3,3.475710664644619,Epsilon Greedy
1271,3,2.789388991378318,Epsilon Greedy
1272,3,3.026416684772604,Epsilon Greedy
1273,3,2.7110941099048618,Epsilon Greedy
1274,3,5.652569224847133,Epsilon Greedy
1275,3,4.070172423865835,Epsilon Greedy
1276,3,2.5470919892793047,Epsilon Greedy
1277,3,3.787802534960969,Epsilon Greedy
1278,3,5.138075769126085,Epsilon Greedy
1279,3,3.2590854670096894,Epsilon Greedy
1280,3,1.6353710829353436,Epsilon Greedy
1281,3,4.602983519769811,Epsilon Greedy
1282,3,3.924565730766998,Epsilon Greedy
1283,3,5.269506779644071,Epsilon Greedy
1284,3,3.7325848640758044,Epsilon Greedy
1285,3,2.7016479853132935,Epsilon Greedy
1286,3,4.072616744756931,Epsilon Greedy
1287,3,3.5926257802837767,Epsilon Greedy
1288,3,4.449405357009016,Epsilon Greedy
1289,3,3.6101212476407314,Epsilon Greedy
1290,3,4.808210145638524,Epsilon Greedy
1291,3,4.4297328203673345,Epsilon Greedy
1292,3,4.053051659233849,Epsilon Greedy
1293,3,2.7393801634542267,Epsilon Greedy
1294,3,3.328617695078698,Epsilon Greedy
1295,3,4.2913057845556954,Epsilon Greedy
1296,3,1.736241434294573,Epsilon Greedy
1297,3,4.848021606173019,Epsilon Greedy
1298,3,3.6028989778983265,Epsilon Greedy
1299,3,3.072705420800111,Epsilon Greedy
1300,3,3.955238004385642,Epsilon Greedy
1301,3,5.2183255590621345,Epsilon Greedy
1302,3,5.045972562410585,Epsilon Greedy
1303,3,3.416278636659656,Epsilon Greedy
1304,3,4.405560111823151,Epsilon Greedy
1305,3,3.1162689342070182,Epsilon Greedy
1306,3,2.7317019130008457,Epsilon Greedy
1307,3,2.6852589033012944,Epsilon Greedy
1308,3,4.3713050033978575,Epsilon Greedy
1309,3,5.9733773469531775,Epsilon Greedy
1310,3,4.101070299916932,Epsilon Greedy
1311,3,3.681639396671111,Epsilon Greedy
1312,3,4.186855297802414,Epsilon Greedy
1313,3,5.245178585887219,Epsilon Greedy
1314,3,3.678735183991715,Epsilon Greedy
1315,3,5.486227304731436,Epsilon Greedy
1316,3,4.500219748419532,Epsilon Greedy
1317,3,3.627878781432097,Epsilon Greedy
1318,3,5.098694670655659,Epsilon Greedy
1319,3,3.20993941051621,Epsilon Greedy
1320,3,5.919441333698259,Epsilon Greedy
1321,3,3.3775545735972896,Epsilon Greedy
1322,3,4.536648169076176,Epsilon Greedy
1323,3,4.963557691999791,Epsilon Greedy
1324,3,4.603857655217363,Epsilon Greedy
1325,3,4.073628435395126,Epsilon Greedy
1326,3,3.6037049418257205,Epsilon Greedy
1327,3,3.850925172613064,Epsilon Greedy
1328,3,3.813673010013358,Epsilon Greedy
1329,3,2.9957819571054394,Epsilon Greedy
1330,3,5.881463333628878,Epsilon Greedy
1331,3,3.472330243364885,Epsilon Greedy
1332,3,4.4726039761529846,Epsilon Greedy
1333,3,4.891583891386377,Epsilon Greedy
1334,3,2.996378433925358,Epsilon Greedy
1335,3,3.994516513575668,Epsilon Greedy
1336,3,3.2198515085438437,Epsilon Greedy
1337,3,5.871655934000001,Epsilon Greedy
1338,3,4.134436886860048,Epsilon Greedy
1339,3,4.622242981428455,Epsilon Greedy
1340,3,3.0453621659405825,Epsilon Greedy
1341,3,3.5741209835725076,Epsilon Greedy
1342,3,3.023538377675567,Epsilon Greedy
1343,3,4.008096601877072,Epsilon Greedy
1344,3,4.59831644366054,Epsilon Greedy
1345,3,3.594025753323246,Epsilon Greedy
1346,3,3.760718666376093,Epsilon Greedy
1347,3,3.116223909254453,Epsilon Greedy
1348,3,3.115645898853561,Epsilon Greedy
1349,3,2.839247811456869,Epsilon Greedy
1350,3,4.422328969393774,Epsilon Greedy
1351,3,4.1447321622691256,Epsilon Greedy
1352,3,5.80978838773903,Epsilon Greedy
1353,3,3.8319105317413364,Epsilon Greedy
1354,3,4.702741344038859,Epsilon Greedy
1355,3,3.9060963016598325,Epsilon Greedy
1356,3,3.9842549847491857,Epsilon Greedy
1357,3,4.914472717068511,Epsilon Greedy
1358,3,4.73425813560688,Epsilon Greedy
1359,3,5.90067279843659,Epsilon Greedy
1360,3,4.470289395941025,Epsilon Greedy
1361,3,3.2225358961390342,Epsilon Greedy
1362,3,4.474657678429347,Epsilon Greedy
1363,3,4.219536752028626,Epsilon Greedy
1364,3,1.6429831920829319,Epsilon Greedy
1365,3,3.799636832395297,Epsilon Greedy
1366,3,2.2504262079331676,Epsilon Greedy
1367,3,4.252601341304414,Epsilon Greedy
1368,3,3.0975593439000786,Epsilon Greedy
1369,3,4.6584776516800845,Epsilon Greedy
1370,3,2.363983162524843,Epsilon Greedy
1371,3,5.420663108279739,Epsilon Greedy
1372,3,4.574093335267335,Epsilon Greedy
1373,3,4.361967163167275,Epsilon Greedy
1374,3,3.5185294543771213,Epsilon Greedy
1375,3,3.3559137865215143,Epsilon Greedy
1376,3,4.405143828530917,Epsilon Greedy
1377,3,4.015859528600837,Epsilon Greedy
1378,3,4.052127445658858,Epsilon Greedy
1379,3,4.889128179756261,Epsilon Greedy
1380,3,3.6064265672133473,Epsilon Greedy
1381,3,5.755560895252607,Epsilon Greedy
1382,3,3.9597765839601102,Epsilon Greedy
1383,3,5.443977258414442,Epsilon Greedy
1384,3,3.5206007660942267,Epsilon Greedy
1385,3,4.22024066345641,Epsilon Greedy
1386,3,3.2457631924575088,Epsilon Greedy
1387,3,4.38138269227761,Epsilon Greedy
1388,3,2.341284437942945,Epsilon Greedy
1389,3,5.376914058885948,Epsilon Greedy
1390,3,3.8331147629119147,Epsilon Greedy
1391,3,6.0491062048469875,Epsilon Greedy
1392,3,2.631464669189104,Epsilon Greedy
1393,3,3.6800440927274227,Epsilon Greedy
1394,3,4.996832372871257,Epsilon Greedy
1395,3,4.718623266752661,Epsilon Greedy
1396,3,5.20732575611215,Epsilon Greedy
1397,3,3.846681004948949,Epsilon Greedy
1398,3,4.388369051735243,Epsilon Greedy
1399,3,5.283245594461413,Epsilon Greedy
1400,3,4.396231556405868,Epsilon Greedy
1401,3,5.212795253403901,Epsilon Greedy
1402,3,4.187173185986961,Epsilon Greedy
1403,3,3.629512125185018,Epsilon Greedy
1404,3,4.505354612380607,Epsilon Greedy
1405,3,3.4280117670269994,Epsilon Greedy
1406,3,2.74733008799842,Epsilon Greedy
1407,3,2.8257473948314233,Epsilon Greedy
1408,3,3.215358586964106,Epsilon Greedy
1409,3,5.427180245239665,Epsilon Greedy
1410,3,2.496916031010172,Epsilon Greedy
1411,3,3.2669792353758487,Epsilon Greedy
1412,3,4.205658477697173,Epsilon Greedy
1413,3,3.2945010859472372,Epsilon Greedy
1414,3,4.739365593853594,Epsilon Greedy
1415,3,5.33017023765144,Epsilon Greedy
1416,3,3.7232420138568054,Epsilon Greedy
1417,3,3.917744975105871,Epsilon Greedy
1418,3,4.522381288580454,Epsilon Greedy
1419,3,3.3372918709575643,Epsilon Greedy
1420,3,2.744282868762874,Epsilon Greedy
1421,3,5.759989788871078,Epsilon Greedy
1422,3,4.505900884433491,Epsilon Greedy
1423,3,1.4870051033414748,Epsilon Greedy
1424,3,4.964330431462631,Epsilon Greedy
1425,3,5.6401907450492335,Epsilon Greedy
1426,3,3.834725574320324,Epsilon Greedy
1427,3,3.4586916304643958,Epsilon Greedy
1428,3,4.588222094643399,Epsilon Greedy
1429,3,3.5886554051794066,Epsilon Greedy
1430,3,4.209892270630476,Epsilon Greedy
1431,3,4.1273879603753025,Epsilon Greedy
1432,3,4.950797084919674,Epsilon Greedy
1433,3,1.6367214981949556,Epsilon Greedy
1434,3,4.486560857545018,Epsilon Greedy
1435,3,4.691957708307951,Epsilon Greedy
1436,3,4.057945662744945,Epsilon Greedy
1437,3,2.6726889148416317,Epsilon Greedy
1438,3,4.039523843326848,Epsilon Greedy
1439,3,4.341919212858727,Epsilon Greedy
1440,3,5.184492738334113,Epsilon Greedy
1441,3,3.5379884330391875,Epsilon Greedy
1442,3,3.998810690517378,Epsilon Greedy
1443,3,3.5445886622792053,Epsilon Greedy
1444,3,3.6114842462309467,Epsilon Greedy
1445,3,3.873762070032306,Epsilon Greedy
1446,3,5.138790299648878,Epsilon Greedy
1447,3,4.881429818956664,Epsilon Greedy
1448,3,5.364488872178564,Epsilon Greedy
1449,3,3.7267108883566573,Epsilon Greedy
1450,3,2.6254663654119,Epsilon Greedy
1451,3,4.480578302430887,Epsilon Greedy
1452,3,3.6490401625476014,Epsilon Greedy
1453,3,3.3697408920042307,Epsilon Greedy
1454,3,3.897796507123837,Epsilon Greedy
1455,3,5.87965827537959,Epsilon Greedy
1456,3,4.884655273826202,Epsilon Greedy
1457,3,5.0736315025113985,Epsilon Greedy
1458,3,3.6833449678794286,Epsilon Greedy
1459,3,4.41423507761455,Epsilon Greedy
1460,3,4.805985890863435,Epsilon Greedy
1461,3,3.755704660256866,Epsilon Greedy
1462,3,4.048991831344301,Epsilon Greedy
1463,3,3.583609730458649,Epsilon Greedy
1464,3,4.674285042047715,Epsilon Greedy
1465,3,4.846519705980544,Epsilon Greedy
1466,3,4.010159122231482,Epsilon Greedy
1467,3,3.9862912196147082,Epsilon Greedy
1468,3,3.1657679923288957,Epsilon Greedy
1469,3,3.618838112150821,Epsilon Greedy
1470,3,2.9041709142992516,Epsilon Greedy
1471,3,3.8001864820740083,Epsilon Greedy
1472,3,3.9570565763436383,Epsilon Greedy
1473,3,3.218946812255929,Epsilon Greedy
1474,3,4.602922145108838,Epsilon Greedy
1475,3,4.878914293690019,Epsilon Greedy
1476,3,5.6976817247220115,Epsilon Greedy
1477,3,4.686867356575744,Epsilon Greedy
1478,3,3.1377238655412683,Epsilon Greedy
1479,3,2.8403405283924323,Epsilon Greedy
1480,3,4.2201180159323615,Epsilon Greedy
1481,3,3.311102297049738,Epsilon Greedy
1482,3,4.037586227540356,Epsilon Greedy
1483,3,2.709603299307335,Epsilon Greedy
1484,3,3.2843634362906835,Epsilon Greedy
1485,3,3.387905284727799,Epsilon Greedy
1486,3,4.902513279231564,Epsilon Greedy
1487,3,3.357459704891425,Epsilon Greedy
1488,3,5.5385009408836305,Epsilon Greedy
1489,3,6.030897449770606,Epsilon Greedy
1490,3,4.051744732432207,Epsilon Greedy
1491,3,2.959055840198336,Epsilon Greedy
1492,3,3.9493232171374744,Epsilon Greedy
1493,3,2.980797245976328,Epsilon Greedy
1494,3,5.431857339806635,Epsilon Greedy
1495,3,5.115781667601114,Epsilon Greedy
1496,3,5.277866191865906,Epsilon Greedy
1497,3,5.321684798317033,Epsilon Greedy
1498,3,2.5989042123336206,Epsilon Greedy
1499,3,2.242221715434522,Epsilon Greedy
1500,3,3.6100200413216506,Epsilon Greedy
1501,3,2.5994718367562495,Epsilon Greedy
1502,3,5.224876124636435,Epsilon Greedy
1503,3,5.309117002912864,Epsilon Greedy
1504,3,1.7278515682282052,Epsilon Greedy
1505,3,2.7776632711678806,Epsilon Greedy
1506,3,3.7563816971439397,Epsilon Greedy
1507,3,4.169411158314156,Epsilon Greedy
1508,3,3.8183503851099485,Epsilon Greedy
1509,3,5.729200401167572,Epsilon Greedy
1510,3,5.2591459529245,Epsilon Greedy
1511,3,4.555391878941239,Epsilon Greedy
1512,3,3.719056737899307,Epsilon Greedy
1513,3,3.4385188787168897,Epsilon Greedy
1514,3,3.6146209402139133,Epsilon Greedy
1515,3,4.2497626544587925,Epsilon Greedy
1516,3,3.899581536308639,Epsilon Greedy
1517,3,3.3101723787145714,Epsilon Greedy
1518,3,4.723834652791037,Epsilon Greedy
1519,3,2.7840627918617393,Epsilon Greedy
1520,3,3.492388297776883,Epsilon Greedy
1521,3,5.133847910340685,Epsilon Greedy
1522,3,4.658116636283043,Epsilon Greedy
1523,3,2.5566837978116634,Epsilon Greedy
1524,3,4.991853003733603,Epsilon Greedy
1525,3,3.372593485386279,Epsilon Greedy
1526,3,3.754043566894713,Epsilon Greedy
1527,3,3.2197094188311755,Epsilon Greedy
1528,3,3.367002834835577,Epsilon Greedy
1529,3,5.650694632596028,Epsilon Greedy
1530,3,4.184818628963696,Epsilon Greedy
1531,3,5.160481609629386,Epsilon Greedy
1532,3,3.5076439549660923,Epsilon Greedy
1533,3,3.110454153386902,Epsilon Greedy
1534,3,5.240890952405719,Epsilon Greedy
1535,3,3.616245203717238,Epsilon Greedy
1536,3,4.230763958168586,Epsilon Greedy
1537,3,5.017278306782364,Epsilon Greedy
1538,3,6.485127744813111,Epsilon Greedy
1539,3,4.4745128760446695,Epsilon Greedy
1540,3,5.545183580550717,Epsilon Greedy
1541,3,3.926807298682988,Epsilon Greedy
1542,3,2.956636301752852,Epsilon Greedy
1543,3,3.1656201843153395,Epsilon Greedy
1544,3,2.478979506210508,Epsilon Greedy
1545,3,3.103597272961221,Epsilon Greedy
1546,3,4.052284218402563,Epsilon Greedy
1547,3,2.219031640920572,Epsilon Greedy
1548,3,3.7828070968920904,Epsilon Greedy
1549,3,4.527942053560794,Epsilon Greedy
1550,3,3.9115912356775397,Epsilon Greedy
1551,3,2.163292672003384,Epsilon Greedy
1552,3,2.805582795806556,Epsilon Greedy
1553,3,4.94083636041849,Epsilon Greedy
1554,3,5.081225892155873,Epsilon Greedy
1555,3,2.826649734891652,Epsilon Greedy
1556,3,4.474292869980975,Epsilon Greedy
1557,3,5.092429398348758,Epsilon Greedy
1558,3,4.759469689034974,Epsilon Greedy
1559,3,5.8731914138467225,Epsilon Greedy
1560,3,2.748156254773722,Epsilon Greedy
1561,3,5.650806736971138,Epsilon Greedy
1562,3,3.05563233017501,Epsilon Greedy
1563,3,3.123034674783675,Epsilon Greedy
1564,3,6.312799347554971,Epsilon Greedy
1565,3,5.03695417390533,Epsilon Greedy
1566,3,3.8445997747891867,Epsilon Greedy
1567,3,3.7171682381243425,Epsilon Greedy
1568,3,3.3678470740155015,Epsilon Greedy
1569,3,5.085376974303984,Epsilon Greedy
1570,3,4.661915276751963,Epsilon Greedy
1571,3,4.166322861248437,Epsilon Greedy
1572,3,4.476585249455448,Epsilon Greedy
1573,3,3.264448300505449,Epsilon Greedy
1574,3,3.762206131705968,Epsilon Greedy
1575,3,5.099307618861099,Epsilon Greedy
1576,3,3.108775943698953,Epsilon Greedy
1577,3,3.7141141880204565,Epsilon Greedy
1578,3,2.9503429014491784,Epsilon Greedy
1579,3,3.7740343969594288,Epsilon Greedy
1580,3,4.32471512220723,Epsilon Greedy
1581,3,3.4778247858136533,Epsilon Greedy
1582,3,3.9957650349220315,Epsilon Greedy
1583,3,3.197103540705484,Epsilon Greedy
1584,3,3.5454099857571464,Epsilon Greedy
1585,3,3.8318861661193098,Epsilon Greedy
1586,3,5.05445401598374,Epsilon Greedy
1587,3,3.4065381157947536,Epsilon Greedy
1588,3,3.831382903410612,Epsilon Greedy
1589,3,4.215507684972547,Epsilon Greedy
1590,3,3.6619433236045724,Epsilon Greedy
1591,3,1.8599975983203745,Epsilon Greedy
1592,3,2.8850549520937943,Epsilon Greedy
1593,3,5.409122039523867,Epsilon Greedy
1594,3,4.829527703991459,Epsilon Greedy
1595,3,4.13447709827384,Epsilon Greedy
1596,3,5.052309567533985,Epsilon Greedy
1597,3,5.4269004124255495,Epsilon Greedy
1598,3,2.078183074470611,Epsilon Greedy
1599,3,7.103376939712339,Epsilon Greedy
1600,3,2.2900655379711257,Epsilon Greedy
1601,3,4.757086995367796,Epsilon Greedy
1602,3,5.0871010153045315,Epsilon Greedy
1603,3,4.653984136715443,Epsilon Greedy
1604,3,4.643654105190007,Epsilon Greedy
1605,3,3.079110160765829,Epsilon Greedy
1606,3,3.0193936365026826,Epsilon Greedy
1607,3,2.4038243549021794,Epsilon Greedy
1608,3,4.71006286645054,Epsilon Greedy
1609,3,2.2914967609609667,Epsilon Greedy
1610,3,2.091681785375717,Epsilon Greedy
1611,3,4.580073806900094,Epsilon Greedy
1612,3,6.010212841324946,Epsilon Greedy
1613,3,4.401479938868919,Epsilon Greedy
1614,3,3.7291318003749105,Epsilon Greedy
1615,3,2.1786795846212295,Epsilon Greedy
1616,3,5.41752210795422,Epsilon Greedy
1617,3,4.801832642512806,Epsilon Greedy
1618,3,1.7761504620953015,Epsilon Greedy
1619,3,4.589545743449762,Epsilon Greedy
1620,3,3.1232263657278283,Epsilon Greedy
1621,3,1.565436553406934,Epsilon Greedy
1622,3,4.481991765551282,Epsilon Greedy
1623,3,3.816129861594861,Epsilon Greedy
1624,3,3.9761106331930205,Epsilon Greedy
1625,3,3.9322168257880166,Epsilon Greedy
1626,3,2.6289877105568658,Epsilon Greedy
1627,3,2.8519024727751363,Epsilon Greedy
1628,3,4.2111587239332,Epsilon Greedy
1629,3,3.3368709094449076,Epsilon Greedy
1630,3,5.656471428510848,Epsilon Greedy
1631,3,4.056165248672973,Epsilon Greedy
1632,3,5.2035331266621885,Epsilon Greedy
1633,3,2.4211518210412395,Epsilon Greedy
1634,3,3.513550414595022,Epsilon Greedy
1635,3,2.5333231326509114,Epsilon Greedy
1636,3,4.236496915858078,Epsilon Greedy
1637,3,2.6275864040993486,Epsilon Greedy
1638,3,4.140415090625782,Epsilon Greedy
1639,3,4.864385259725546,Epsilon Greedy
1640,3,3.2964634474352943,Epsilon Greedy
1641,3,2.4401197085125785,Epsilon Greedy
1642,3,4.430552275415988,Epsilon Greedy
1643,3,4.209459188955468,Epsilon Greedy
1644,3,4.688674683806055,Epsilon Greedy
1645,3,5.133964092548905,Epsilon Greedy
1646,3,3.192332256075904,Epsilon Greedy
1647,3,5.4088149756947494,Epsilon Greedy
1648,3,3.91382970233689,Epsilon Greedy
1649,3,1.5114617702996407,Epsilon Greedy
1650,3,3.655777391806088,Epsilon Greedy
1651,3,3.0986045010509886,Epsilon Greedy
1652,3,5.355921629111925,Epsilon Greedy
1653,3,3.2042748059993524,Epsilon Greedy
1654,3,1.864737284507676,Epsilon Greedy
1655,3,4.202208060105436,Epsilon Greedy
1656,3,4.352959992274301,Epsilon Greedy
1657,3,4.039488106913312,Epsilon Greedy
1658,3,2.1223164785250104,Epsilon Greedy
1659,3,2.8984088913099786,Epsilon Greedy
1660,3,4.101129069712626,Epsilon Greedy
1661,3,5.717159801382905,Epsilon Greedy
1662,3,4.643894311832023,Epsilon Greedy
1663,3,3.735706641076442,Epsilon Greedy
1664,3,2.5266681619706013,Epsilon Greedy
1665,3,3.104676526504462,Epsilon Greedy
1666,3,4.520097716735042,Epsilon Greedy
1667,3,4.221507220191192,Epsilon Greedy
1668,3,4.453488058042921,Epsilon Greedy
1669,3,4.9266823870481815,Epsilon Greedy
1670,3,5.110927509674977,Epsilon Greedy
1671,3,3.354113690589661,Epsilon Greedy
1672,3,2.0780530861198723,Epsilon Greedy
1673,3,2.8692718938604354,Epsilon Greedy
1674,3,2.286790437328797,Epsilon Greedy
1675,3,4.191117852586061,Epsilon Greedy
1676,3,2.5050039713679313,Epsilon Greedy
1677,3,3.7029550915268383,Epsilon Greedy
1678,3,3.3666146260116996,Epsilon Greedy
1679,3,6.272948347123171,Epsilon Greedy
1680,3,5.021522170715553,Epsilon Greedy
1681,3,1.5995146228591466,Epsilon Greedy
1682,3,5.95524730960521,Epsilon Greedy
1683,3,2.5118003070811667,Epsilon Greedy
1684,3,5.090287655724997,Epsilon Greedy
1685,3,4.05170826608183,Epsilon Greedy
1686,3,4.641086820348088,Epsilon Greedy
1687,3,6.060451139074654,Epsilon Greedy
1688,3,3.548495916186395,Epsilon Greedy
1689,3,6.6365073342359775,Epsilon Greedy
1690,3,2.7526861858942366,Epsilon Greedy
1691,3,4.137366859292228,Epsilon Greedy
1692,3,3.8076074972397422,Epsilon Greedy
1693,3,2.4736512946595584,Epsilon Greedy
1694,3,2.969165667930627,Epsilon Greedy
1695,3,3.394092921319522,Epsilon Greedy
1696,3,3.3690104656655437,Epsilon Greedy
1697,3,3.2394367121958774,Epsilon Greedy
1698,3,3.594488259825119,Epsilon Greedy
1699,3,5.007428472411673,Epsilon Greedy
1700,3,3.7608927631052307,Epsilon Greedy
1701,3,4.359504472196691,Epsilon Greedy
1702,3,3.5616791132267727,Epsilon Greedy
1703,3,3.59899969975718,Epsilon Greedy
1704,3,2.450085626059438,Epsilon Greedy
1705,3,3.9481468193029188,Epsilon Greedy
1706,3,4.023137242070335,Epsilon Greedy
1707,3,3.2920041620070606,Epsilon Greedy
1708,3,3.23778862633422,Epsilon Greedy
1709,3,7.5374111196886115,Epsilon Greedy
1710,3,4.014039501997623,Epsilon Greedy
1711,3,3.636714930967923,Epsilon Greedy
1712,3,2.7872706472253133,Epsilon Greedy
1713,3,4.7089512780209555,Epsilon Greedy
1714,3,4.924375242965763,Epsilon Greedy
1715,3,3.0830840612665877,Epsilon Greedy
1716,3,3.323694725377564,Epsilon Greedy
1717,3,3.673622749201183,Epsilon Greedy
1718,3,4.151809646899442,Epsilon Greedy
1719,3,3.17709121747441,Epsilon Greedy
1720,3,3.4524887420849337,Epsilon Greedy
1721,3,4.75389625944281,Epsilon Greedy
1722,3,4.942579444050344,Epsilon Greedy
1723,3,4.51476070011176,Epsilon Greedy
1724,3,3.2024706016614974,Epsilon Greedy
1725,3,3.1650384441283737,Epsilon Greedy
1726,3,3.9488818509038888,Epsilon Greedy
1727,3,3.6324105262534863,Epsilon Greedy
1728,3,3.7229072322361634,Epsilon Greedy
1729,3,4.901302516762655,Epsilon Greedy
1730,3,3.5242621095671054,Epsilon Greedy
1731,3,3.4065561142758867,Epsilon Greedy
1732,3,2.483062695654172,Epsilon Greedy
1733,3,4.835731822222651,Epsilon Greedy
1734,3,4.480168852447645,Epsilon Greedy
1735,3,3.4377606502048823,Epsilon Greedy
1736,3,3.802004991636389,Epsilon Greedy
1737,3,5.140375619187524,Epsilon Greedy
1738,3,3.389088283492973,Epsilon Greedy
1739,3,4.024807637575643,Epsilon Greedy
1740,3,4.2824853301767,Epsilon Greedy
1741,3,4.017350684930297,Epsilon Greedy
1742,3,4.233457872354828,Epsilon Greedy
1743,3,5.727418040508436,Epsilon Greedy
1744,3,2.8505471472935784,Epsilon Greedy
1745,3,3.679856957083935,Epsilon Greedy
1746,3,4.003307057337261,Epsilon Greedy
1747,3,2.7372674975176556,Epsilon Greedy
1748,3,5.2265721597011385,Epsilon Greedy
1749,3,3.7055881461901787,Epsilon Greedy
1750,3,4.69291132215601,Epsilon Greedy
1751,3,1.9227121339946427,Epsilon Greedy
1752,3,1.6205315196942376,Epsilon Greedy
1753,3,4.6012665228847816,Epsilon Greedy
1754,3,4.322937898574862,Epsilon Greedy
1755,3,4.972870746916523,Epsilon Greedy
1756,3,5.390143612957845,Epsilon Greedy
1757,3,3.0556309460247557,Epsilon Greedy
1758,3,3.3348691773816865,Epsilon Greedy
1759,3,3.05185072083854,Epsilon Greedy
1760,3,3.3112048445154856,Epsilon Greedy
1761,3,3.611851194689315,Epsilon Greedy
1762,3,3.7180644270855945,Epsilon Greedy
1763,3,3.8864712470416536,Epsilon Greedy
1764,3,2.760561488557717,Epsilon Greedy
1765,3,3.9982752277782545,Epsilon Greedy
1766,3,3.2252856961603955,Epsilon Greedy
1767,3,4.77579941889085,Epsilon Greedy
1768,3,2.621675627241582,Epsilon Greedy
1769,3,3.9427004301988657,Epsilon Greedy
1770,3,3.3089970297236495,Epsilon Greedy
1771,3,4.613443259414953,Epsilon Greedy
1772,3,4.465910555880301,Epsilon Greedy
1773,3,4.933398427629542,Epsilon Greedy
1774,3,4.4049766575522655,Epsilon Greedy
1775,3,3.8189922508361946,Epsilon Greedy
1776,3,3.0228948000267106,Epsilon Greedy
1777,3,2.0612888265990974,Epsilon Greedy
1778,3,4.715347325387047,Epsilon Greedy
1779,3,3.9906792081345555,Epsilon Greedy
1780,3,4.60707631438163,Epsilon Greedy
1781,3,2.7069129483359538,Epsilon Greedy
1782,3,5.360178575627382,Epsilon Greedy
1783,3,4.0053426602128255,Epsilon Greedy
1784,3,4.396324703143901,Epsilon Greedy
1785,3,4.476837828488776,Epsilon Greedy
1786,3,4.968275280031352,Epsilon Greedy
1787,3,3.9217421276391065,Epsilon Greedy
1788,3,4.283447616400824,Epsilon Greedy
1789,3,4.29072689637756,Epsilon Greedy
1790,3,4.536724404713157,Epsilon Greedy
1791,3,3.0144422831691324,Epsilon Greedy
1792,3,2.755364885747497,Epsilon Greedy
1793,3,3.723642605417907,Epsilon Greedy
1794,3,3.93450433044019,Epsilon Greedy
1795,3,4.099671250258022,Epsilon Greedy
1796,3,1.6671800323501538,Epsilon Greedy
1797,3,4.689177990618186,Epsilon Greedy
1798,3,3.52169058867084,Epsilon Greedy
1799,3,3.5359921265315117,Epsilon Greedy
1800,3,2.8723796422118646,Epsilon Greedy
1801,3,4.9884351035553305,Epsilon Greedy
1802,3,2.3904508605967205,Epsilon Greedy
1803,3,3.28918771464656,Epsilon Greedy
1804,3,4.425887666852151,Epsilon Greedy
1805,3,3.656688232318837,Epsilon Greedy
1806,3,4.8632882841868925,Epsilon Greedy
1807,3,2.229773812551346,Epsilon Greedy
1808,3,5.072796080042554,Epsilon Greedy
1809,3,2.2890937274393157,Epsilon Greedy
1810,3,4.017446418048351,Epsilon Greedy
1811,3,4.107355722601615,Epsilon Greedy
1812,3,4.9185440346980815,Epsilon Greedy
1813,3,5.451514112805367,Epsilon Greedy
1814,3,4.02740140178158,Epsilon Greedy
1815,3,2.484626473922435,Epsilon Greedy
1816,3,3.548276014432408,Epsilon Greedy
1817,3,5.3870312103481846,Epsilon Greedy
1818,3,4.767540173272068,Epsilon Greedy
1819,3,3.715393398660288,Epsilon Greedy
1820,3,4.100984457309838,Epsilon Greedy
1821,3,2.159395538812977,Epsilon Greedy
1822,3,4.67996384947025,Epsilon Greedy
1823,3,4.146019135838056,Epsilon Greedy
1824,3,2.7206317605902965,Epsilon Greedy
1825,3,4.900933438742147,Epsilon Greedy
1826,3,2.7382319897411813,Epsilon Greedy
1827,3,2.3371080371947386,Epsilon Greedy
1828,3,4.066609700334984,Epsilon Greedy
1829,3,4.71013421670102,Epsilon Greedy
1830,3,4.52449089293148,Epsilon Greedy
1831,3,4.638259638777818,Epsilon Greedy
1832,3,4.593268075283011,Epsilon Greedy
1833,3,3.564918762018699,Epsilon Greedy
1834,3,6.559278672982691,Epsilon Greedy
1835,3,3.877907096680924,Epsilon Greedy
1836,3,4.120147592844293,Epsilon Greedy
1837,3,4.463312099851196,Epsilon Greedy
1838,3,5.3776955222861895,Epsilon Greedy
1839,3,3.9186136900724478,Epsilon Greedy
1840,3,5.49449195022648,Epsilon Greedy
1841,3,4.523115638564661,Epsilon Greedy
1842,3,4.464869755752196,Epsilon Greedy
1843,3,5.032759775067702,Epsilon Greedy
1844,3,3.669331970079959,Epsilon Greedy
1845,3,4.910478551877816,Epsilon Greedy
1846,3,4.676161368326708,Epsilon Greedy
1847,3,6.517756854232829,Epsilon Greedy
1848,3,4.756603341646887,Epsilon Greedy
1849,3,4.173871167067231,Epsilon Greedy
1850,3,4.493091835089029,Epsilon Greedy
1851,3,3.513655528161421,Epsilon Greedy
1852,3,3.166810306801177,Epsilon Greedy
1853,3,3.4773191101114236,Epsilon Greedy
1854,3,4.071296607374348,Epsilon Greedy
1855,3,4.445209700887197,Epsilon Greedy
1856,3,3.9032051802077508,Epsilon Greedy
1857,3,2.551146274029999,Epsilon Greedy
1858,3,3.728602260370137,Epsilon Greedy
1859,3,4.180077181590262,Epsilon Greedy
1860,3,4.0392006120882495,Epsilon Greedy
1861,3,4.770215992125462,Epsilon Greedy
1862,3,5.314131943631736,Epsilon Greedy
1863,3,2.919364559468672,Epsilon Greedy
1864,3,4.976899498518282,Epsilon Greedy
1865,3,4.043918030116906,Epsilon Greedy
1866,3,3.68420120141427,Epsilon Greedy
1867,3,4.169692373145694,Epsilon Greedy
1868,3,6.011129801694409,Epsilon Greedy
1869,3,3.909254239176427,Epsilon Greedy
1870,3,4.196945504366999,Epsilon Greedy
1871,3,3.184895274450164,Epsilon Greedy
1872,3,5.039056408672165,Epsilon Greedy
1873,3,6.047827829339638,Epsilon Greedy
1874,3,5.97653702234768,Epsilon Greedy
1875,3,3.9192438136903327,Epsilon Greedy
1876,3,5.872814463749349,Epsilon Greedy
1877,3,4.547739497911467,Epsilon Greedy
1878,3,3.132929305419465,Epsilon Greedy
1879,3,3.569295487508416,Epsilon Greedy
1880,3,3.551033843797753,Epsilon Greedy
1881,3,2.9942987227399853,Epsilon Greedy
1882,3,3.723342683870279,Epsilon Greedy
1883,3,4.19109460763523,Epsilon Greedy
1884,3,2.8294471678940507,Epsilon Greedy
1885,3,2.8162526734775204,Epsilon Greedy
1886,3,5.883921254586491,Epsilon Greedy
1887,3,6.074374009496634,Epsilon Greedy
1888,3,4.233501577737106,Epsilon Greedy
1889,3,5.1344713836967415,Epsilon Greedy
1890,3,3.6856413742427154,Epsilon Greedy
1891,3,4.651384845687822,Epsilon Greedy
1892,3,3.618808506021775,Epsilon Greedy
1893,3,4.134273745208991,Epsilon Greedy
1894,3,2.5921683129329054,Epsilon Greedy
1895,3,4.804659532742309,Epsilon Greedy
1896,3,2.517329006233601,Epsilon Greedy
1897,3,3.9346158909950075,Epsilon Greedy
1898,3,4.4122353576663915,Epsilon Greedy
1899,3,6.034392842999551,Epsilon Greedy
1900,3,4.546895725798786,Epsilon Greedy
1901,3,3.1098629272057465,Epsilon Greedy
1902,3,6.2822203757584925,Epsilon Greedy
1903,3,3.406569636321583,Epsilon Greedy
1904,3,2.5230484639170756,Epsilon Greedy
1905,3,4.471691552196498,Epsilon Greedy
1906,3,4.671794849950463,Epsilon Greedy
1907,3,5.024161685915311,Epsilon Greedy
1908,3,3.5606741848717274,Epsilon Greedy
1909,3,6.299579504337611,Epsilon Greedy
1910,3,3.1452007167470537,Epsilon Greedy
1911,3,4.812332917837103,Epsilon Greedy
1912,3,4.812049069288625,Epsilon Greedy
1913,3,5.227561240641336,Epsilon Greedy
1914,3,3.530449639014761,Epsilon Greedy
1915,3,4.5672104784329495,Epsilon Greedy
1916,3,2.827176266262697,Epsilon Greedy
1917,3,2.532036976128488,Epsilon Greedy
1918,3,5.539202006829019,Epsilon Greedy
1919,3,4.637292385517956,Epsilon Greedy
1920,3,2.494664950660047,Epsilon Greedy
1921,3,4.037563345322129,Epsilon Greedy
1922,3,5.706708257367556,Epsilon Greedy
1923,3,4.998334514537084,Epsilon Greedy
1924,3,3.409835776527594,Epsilon Greedy
1925,3,4.699412140492773,Epsilon Greedy
1926,3,4.0929121471340535,Epsilon Greedy
1927,3,3.8514677204514305,Epsilon Greedy
1928,3,2.5855508820894384,Epsilon Greedy
1929,3,3.560806153304623,Epsilon Greedy
1930,3,5.492232965645292,Epsilon Greedy
1931,3,4.425353469177805,Epsilon Greedy
1932,3,4.242733905815754,Epsilon Greedy
1933,3,5.506824753323665,Epsilon Greedy
1934,3,4.308476076102835,Epsilon Greedy
1935,3,3.1591245299562125,Epsilon Greedy
1936,3,4.374016324522238,Epsilon Greedy
1937,3,5.368320604599948,Epsilon Greedy
1938,3,3.063207808974474,Epsilon Greedy
1939,3,4.3187353330724045,Epsilon Greedy
1940,3,1.6455198264262694,Epsilon Greedy
1941,3,3.983464447093483,Epsilon Greedy
1942,3,4.15647318296855,Epsilon Greedy
1943,3,2.513340711532857,Epsilon Greedy
1944,3,4.718273628942111,Epsilon Greedy
1945,3,5.742666228246671,Epsilon Greedy
1946,3,4.596757996404877,Epsilon Greedy
1947,3,3.751358701213114,Epsilon Greedy
1948,3,6.266840578822963,Epsilon Greedy
1949,3,3.043714283397283,Epsilon Greedy
1950,3,4.2878194597100965,Epsilon Greedy
1951,3,4.260351645816833,Epsilon Greedy
1952,3,4.051463111264114,Epsilon Greedy
1953,3,2.53589538581209,Epsilon Greedy
1954,3,3.4189656781409923,Epsilon Greedy
1955,3,2.1768992367323525,Epsilon Greedy
1956,3,4.238242954068595,Epsilon Greedy
1957,3,4.289862273546969,Epsilon Greedy
1958,3,2.4077407387434357,Epsilon Greedy
1959,3,2.736279475253241,Epsilon Greedy
1960,3,5.511542131136754,Epsilon Greedy
1961,3,3.117516950648966,Epsilon Greedy
1962,3,3.8067207359520765,Epsilon Greedy
1963,3,4.182510842932333,Epsilon Greedy
1964,3,6.284442835268463,Epsilon Greedy
1965,3,5.529263030648989,Epsilon Greedy
1966,3,1.9797071852942083,Epsilon Greedy
1967,3,4.827569309535171,Epsilon Greedy
1968,3,3.336982365111443,Epsilon Greedy
1969,3,4.5807543885910444,Epsilon Greedy
1970,3,4.42062030869695,Epsilon Greedy
1971,3,3.44720176617544,Epsilon Greedy
1972,3,3.1100476088615356,Epsilon Greedy
1973,3,3.7687702827590837,Epsilon Greedy
1974,3,4.020946276129327,Epsilon Greedy
1975,3,6.330347682509339,Epsilon Greedy
1976,3,3.4863073232483472,Epsilon Greedy
1977,3,3.2709059504966693,Epsilon Greedy
1978,3,2.3340419756790967,Epsilon Greedy
1979,3,2.743593360391589,Epsilon Greedy
1980,3,4.337930921949697,Epsilon Greedy
1981,3,3.8802376807932055,Epsilon Greedy
1982,3,5.962257999565665,Epsilon Greedy
1983,3,3.6095586679577476,Epsilon Greedy
1984,3,4.463593639502118,Epsilon Greedy
1985,3,5.089760674914146,Epsilon Greedy
1986,3,3.4892800716473205,Epsilon Greedy
1987,3,5.703923039291487,Epsilon Greedy
1988,3,2.9060572591167735,Epsilon Greedy
1989,3,2.555449570321259,Epsilon Greedy
1990,3,4.645818367517244,Epsilon Greedy
1991,3,4.374879702087585,Epsilon Greedy
1992,3,3.0111019870417355,Epsilon Greedy
1993,3,4.175188982292032,Epsilon Greedy
1994,3,3.477665172609935,Epsilon Greedy
1995,3,4.85306977832007,Epsilon Greedy
1996,3,3.818539816717805,Epsilon Greedy
1997,3,3.623851496669839,Epsilon Greedy
1998,3,5.209112946122389,Epsilon Greedy
1999,3,4.1933156854191935,Epsilon Greedy
